order_item_id,order_id,product_id,quantity,price
1,1,4763,3,6536.2
2,2,52370,3,18800.06
3,2,58241,4,9422.56
4,2,90053,5,14420.82
5,3,93494,3,10602.7
6,3,38967,3,12788.72
7,3,64611,1,4634.59
8,4,7074,1,16714.18
9,4,7432,2,11738.94
10,4,44374,5,3649.98
11,5,95398,2,19172.01
12,6,24272,2,3082.49
13,6,38947,3,17435.61
14,7,58814,4,1123.0
15,7,10093,2,9268.32
16,8,52180,2,14609.04
17,8,35068,4,8054.95
18,9,83490,3,10052.21
19,10,48266,3,709.81
20,10,80212,1,11449.13
21,11,70544,3,7819.21
22,12,76906,5,13941.12
23,12,87730,5,10960.07
24,12,90771,3,15282.89
25,13,21554,4,5630.3
26,13,68580,4,184.22
27,14,83455,3,3739.03
28,14,68934,5,4726.02
29,15,76938,1,10248.47
30,15,94950,4,18316.12
31,16,89294,2,7856.67
32,17,52426,1,6922.98
33,17,49836,4,3426.34
34,17,286,2,6823.52
35,18,45711,5,8821.47
36,19,72398,2,14500.57
37,19,18771,3,1764.87
38,20,83221,5,7416.85
39,20,21090,3,12780.64
40,20,81140,3,1744.57
41,21,11421,3,14623.61
42,21,12473,1,9362.94
43,22,73753,5,13131.78
44,23,65038,5,10770.84
45,24,35873,2,8480.08
46,25,70414,1,5686.6
47,25,24397,5,19918.56
48,25,70975,4,12582.89
49,26,34563,5,13922.46
50,26,67578,1,764.61
51,26,97287,5,11771.37
52,27,58427,4,13058.45
53,27,52851,5,6348.19
54,27,22594,4,14045.03
55,28,19599,1,10560.07
56,29,23673,1,10928.74
57,30,85785,3,16022.52
58,30,41754,1,4994.34
59,31,22552,2,2583.25
60,32,19790,5,19984.67
61,32,38430,3,7732.35
62,32,55815,4,13432.66
63,33,2622,1,7012.18
64,33,92704,1,5201.09
65,34,47506,2,9771.15
66,34,47313,5,4704.4
67,34,88510,1,11445.24
68,35,37142,2,6889.98
69,35,58514,2,336.52
70,35,34775,2,16474.95
71,36,65946,1,4680.88
72,37,65761,2,16910.33
73,38,32810,2,15376.36
74,38,33706,1,1988.09
75,39,85117,4,8710.12
76,40,8677,1,8465.47
77,41,76397,4,16279.33
78,41,63487,5,18397.01
79,42,35717,4,14249.19
80,43,55525,3,3123.94
81,43,17942,2,15471.51
82,43,3917,2,10150.05
83,44,18057,4,7826.58
84,44,30439,5,16763.36
85,44,49708,5,12824.17
86,45,39739,1,12147.87
87,45,49296,5,6623.31
88,46,70621,2,8276.87
89,46,20705,1,2780.07
90,46,12572,1,7086.54
91,47,74207,5,8431.47
92,47,19119,1,7184.84
93,47,58837,5,2280.86
94,48,83855,1,2131.57
95,48,22860,2,5478.37
96,48,97180,4,17713.55
97,49,11685,2,5119.93
98,49,12347,1,10002.73
99,50,26909,5,17976.67
100,50,86294,3,6740.27
101,51,59152,5,16036.21
102,51,18740,4,7628.97
103,52,1997,4,6896.17
104,53,27622,2,11881.56
105,54,44304,2,13876.73
106,54,15686,1,10704.2
107,55,25673,2,17167.39
108,56,211,2,781.68
109,56,88892,5,3316.42
110,56,89113,1,8697.46
111,57,79455,3,6980.48
112,57,14219,5,16197.8
113,58,80897,2,16032.41
114,59,53971,5,9720.32
115,59,69397,4,9209.58
116,60,80646,2,18822.18
117,60,28310,1,3891.36
118,60,22726,4,6013.86
119,61,55349,2,7738.34
120,61,61566,4,17407.79
121,62,84595,5,1453.26
122,63,15293,1,9967.25
123,64,90714,3,14288.05
124,64,94477,1,17089.0
125,65,1256,5,7919.91
126,65,97665,5,13332.8
127,66,25274,5,5545.49
128,66,52564,3,12505.61
129,66,46031,4,4116.55
130,67,66912,3,3336.35
131,67,29540,2,13697.79
132,68,97604,4,18182.3
133,69,92141,5,492.09
134,70,3835,1,13089.6
135,70,62569,3,19040.71
136,70,14139,3,10647.21
137,71,13227,3,15167.53
138,71,72457,1,6131.77
139,71,54398,4,8664.76
140,72,18906,4,1714.95
141,72,45794,1,11010.84
142,72,62019,4,15372.1
143,73,87716,2,2550.35
144,73,34859,3,1715.14
145,74,11047,5,15415.34
146,74,49746,1,583.52
147,75,37696,2,11465.77
148,75,71385,2,14177.45
149,75,86020,3,11112.44
150,76,18775,2,5538.41
151,76,96500,1,6756.35
152,77,42571,5,776.3
153,78,61327,4,422.5
154,78,8441,2,4232.14
155,78,27996,3,11800.63
156,79,41893,3,17875.67
157,80,99746,3,16635.56
158,81,85628,1,2593.82
159,82,11208,1,13079.42
160,82,10451,5,5020.74
161,83,9702,5,9313.39
162,83,79303,5,18171.03
163,83,17504,1,5944.13
164,84,98097,5,2369.08
165,84,33628,5,18347.0
166,85,82935,4,4396.4
167,85,46056,1,2676.64
168,85,19564,3,13543.38
169,86,93154,3,14513.14
170,86,96975,4,13102.22
171,87,70696,3,9061.24
172,88,61966,1,12448.06
173,88,23610,4,6872.31
174,88,52278,5,1944.9
175,89,83394,5,6685.45
176,89,96779,3,15838.15
177,90,73707,3,16528.61
178,90,86210,1,4643.28
179,91,13847,5,4360.21
180,91,78793,3,4396.86
181,92,39194,2,7983.19
182,92,1641,1,1340.46
183,93,44741,4,8038.06
184,93,19516,3,14259.2
185,94,85283,1,8572.78
186,95,55141,4,2719.27
187,96,22108,4,7632.23
188,96,34710,5,11679.04
189,96,28053,4,9773.72
190,97,68675,1,7476.07
191,98,57954,5,15194.49
192,98,31294,4,2363.89
193,99,34241,4,10159.44
194,99,97444,4,19955.38
195,99,26037,2,1299.84
196,100,97720,1,13198.93
197,100,86861,3,19537.97
198,101,64915,2,19211.34
199,102,62707,2,9419.06
200,103,30054,4,17660.03
201,103,93359,5,19878.24
202,104,33086,5,2518.56
203,104,33399,2,15293.52
204,104,45154,1,5836.03
205,105,12549,3,8652.68
206,106,47773,1,13446.93
207,107,8014,1,12275.4
208,108,5726,4,13188.73
209,108,8916,1,5165.13
210,109,85617,2,12647.99
211,109,46401,4,8254.62
212,110,68026,5,9017.33
213,110,55188,2,12916.06
214,110,76517,4,18128.42
215,111,51731,4,11496.31
216,111,32094,1,5649.4
217,111,53975,5,2560.64
218,112,78539,5,6262.08
219,113,98877,4,18187.56
220,113,1774,2,10150.23
221,113,79378,2,12530.7
222,114,51001,3,11531.91
223,114,83892,1,17612.88
224,114,43449,5,13701.83
225,115,78334,3,7798.61
226,115,77150,1,2974.85
227,115,83080,2,8584.99
228,116,71432,3,18358.83
229,116,79396,2,16627.25
230,116,62468,4,1809.9
231,117,74370,3,15952.65
232,117,72127,1,7737.93
233,118,36042,3,14376.11
234,118,3957,4,13148.65
235,118,98656,2,1364.1
236,119,78656,5,2820.49
237,119,1912,3,14885.54
238,120,43114,2,7684.55
239,121,46284,1,11157.47
240,121,55608,4,5007.09
241,122,71684,3,3569.17
242,122,84002,3,1588.12
243,122,36975,1,1755.16
244,123,92275,1,6679.68
245,123,86379,3,7646.56
246,124,51251,4,16705.87
247,125,21786,4,18696.32
248,126,36764,1,7765.65
249,126,60212,5,16908.7
250,127,68035,1,6483.72
251,127,28769,1,13818.9
252,128,97265,1,6314.25
253,128,37019,2,3610.91
254,128,66677,3,18743.12
255,129,13857,5,11882.93
256,129,35417,1,13273.16
257,130,74847,4,1171.78
258,130,80316,1,5127.55
259,131,48497,4,809.33
260,132,33662,2,17280.86
261,133,65097,3,1126.33
262,134,67339,3,9685.84
263,134,7385,3,9700.93
264,135,89182,1,2076.41
265,135,34138,2,8174.49
266,136,26642,5,4303.33
267,137,6572,1,2153.56
268,137,43596,2,7047.89
269,138,79334,3,19465.49
270,139,84935,5,5729.51
271,139,74796,4,11482.81
272,140,60501,1,15996.21
273,140,47817,4,4458.55
274,140,71110,5,3188.19
275,141,86582,4,5341.95
276,142,51949,5,1341.48
277,143,19332,5,12113.74
278,143,72286,4,4336.22
279,144,35962,4,12725.99
280,144,70636,1,11569.72
281,145,21798,5,14302.49
282,145,90551,4,6258.08
283,145,22502,4,1884.06
284,146,42850,1,11426.31
285,147,50505,3,9117.41
286,147,24365,4,838.42
287,148,61553,2,12204.35
288,148,41018,3,16246.79
289,148,16611,4,8601.86
290,149,56985,2,16958.88
291,149,54823,4,12856.41
292,149,17932,4,7643.95
293,150,50434,3,10225.41
294,150,53473,1,2014.36
295,150,66063,2,1075.25
296,151,35851,3,19871.33
297,151,46029,5,1962.16
298,151,88833,3,7915.69
299,152,94391,4,5964.8
300,152,81722,4,11542.11
301,152,3157,5,283.73
302,153,4106,5,5890.59
303,154,89985,2,5535.85
304,154,41640,3,1380.47
305,155,17731,3,2652.03
306,156,20050,1,6067.56
307,156,81001,5,11347.75
308,157,16284,1,1541.91
309,157,35679,3,19562.23
310,158,21863,3,7499.86
311,158,99237,2,10035.13
312,159,33905,5,8054.86
313,159,16063,5,11503.05
314,160,88406,3,2880.22
315,161,14667,2,12759.79
316,161,88774,3,1082.69
317,162,82453,1,7455.2
318,162,9653,2,2803.6
319,162,77395,1,822.34
320,163,76503,5,6206.76
321,163,92366,3,11100.8
322,163,96984,5,4218.77
323,164,60563,3,9866.67
324,164,35836,1,13688.76
325,165,812,3,2000.1
326,165,70613,5,10638.82
327,165,56508,4,18685.86
328,166,73564,4,17835.47
329,166,61824,5,6843.75
330,167,53580,5,5670.21
331,167,52405,5,17508.28
332,168,73998,1,16673.27
333,169,19515,3,7563.06
334,169,63492,5,4178.83
335,170,53798,4,12168.37
336,170,88131,1,2502.0
337,171,13863,3,17474.85
338,172,4696,1,13451.28
339,172,6761,3,15674.89
340,172,92939,4,19222.81
341,173,14039,4,7015.16
342,173,98815,4,5623.26
343,173,15753,2,2198.66
344,174,90451,3,8997.88
345,174,82324,2,19472.51
346,174,81169,2,17155.75
347,175,94649,1,15713.4
348,175,91374,4,4732.49
349,176,75035,4,3171.87
350,176,34616,1,7549.95
351,176,29155,3,8384.3
352,177,99724,2,396.91
353,177,58933,1,3899.51
354,178,45670,5,14671.85
355,179,2001,3,8908.53
356,180,93408,1,462.08
357,180,27263,5,6554.14
358,180,10717,3,7656.72
359,181,3293,2,19727.18
360,181,56772,5,11431.24
361,182,78373,4,10580.58
362,183,83839,1,10743.08
363,184,88191,2,9717.68
364,184,74849,4,7183.68
365,185,30624,1,16774.16
366,186,99737,2,6249.85
367,186,3123,4,8008.7
368,187,77972,1,18607.53
369,187,5008,5,14734.42
370,188,64581,5,4329.66
371,188,44334,3,12498.87
372,188,61846,3,13700.89
373,189,34873,4,6034.34
374,189,25493,2,16026.52
375,189,92027,2,15896.56
376,190,60386,1,7538.42
377,190,76284,1,7002.41
378,191,5052,5,13032.66
379,191,20703,3,10588.52
380,191,96206,5,11373.47
381,192,52458,4,4809.48
382,192,92917,4,15982.94
383,193,3304,1,14484.65
384,193,54239,3,15969.27
385,194,18146,1,14538.98
386,194,61198,2,14143.23
387,194,5424,1,1764.64
388,195,79595,4,18400.79
389,195,80709,5,9144.35
390,196,40590,1,12450.31
391,196,57322,3,16285.22
392,196,26209,1,5043.31
393,197,33289,5,14748.74
394,197,12544,1,8885.09
395,197,37754,2,2246.95
396,198,42574,1,19390.71
397,198,12738,3,14651.26
398,199,20517,2,16847.26
399,199,87875,4,12048.94
400,200,85141,1,10873.73
401,201,17983,4,14935.99
402,201,33566,3,19936.18
403,201,87732,2,6342.97
404,202,89384,2,16529.31
405,202,42251,3,6944.47
406,202,80729,1,13641.76
407,203,68088,1,3194.77
408,204,43173,4,2485.43
409,204,86612,3,17040.33
410,205,72639,5,13638.04
411,206,92288,5,13924.72
412,206,50595,3,7143.87
413,206,43586,2,16040.52
414,207,78683,4,4459.56
415,207,51090,4,4968.03
416,208,72301,5,15930.21
417,209,20069,1,18764.47
418,209,18263,1,14003.87
419,209,17173,4,5381.19
420,210,95595,5,18718.37
421,211,90752,2,18138.47
422,212,62965,4,4539.84
423,213,9,5,17861.4
424,213,22547,4,6731.97
425,213,48605,4,7018.65
426,214,57930,5,12046.47
427,214,49810,2,1663.2
428,215,39470,1,13804.38
429,216,51857,2,13314.28
430,216,45123,1,2098.36
431,216,22840,3,1313.31
432,217,41118,3,15749.32
433,217,22253,3,840.75
434,218,44010,4,6673.58
435,218,24819,4,17993.09
436,219,51780,5,840.93
437,219,39203,1,10011.25
438,220,89051,5,15713.02
439,221,80907,2,4182.86
440,221,17818,5,13674.01
441,222,4331,3,18868.33
442,223,25267,1,5315.67
443,224,88219,1,4563.15
444,225,7522,1,8775.29
445,225,39520,5,19675.73
446,225,86081,4,16794.94
447,226,66910,5,9524.97
448,226,66374,1,15883.76
449,227,25315,2,12022.53
450,228,85329,2,7320.55
451,228,86284,1,6925.63
452,228,33435,5,7602.24
453,229,30022,5,3516.29
454,230,59932,4,13933.68
455,230,54251,4,6433.1
456,231,9792,1,496.92
457,232,79197,5,17789.76
458,233,55152,5,12966.16
459,233,2739,1,6450.4
460,233,90219,5,15856.54
461,234,86721,5,13825.97
462,234,96343,4,5452.6
463,234,91383,1,8076.2
464,235,92941,3,12906.8
465,236,20919,1,2530.38
466,236,79140,4,7347.39
467,237,12368,3,11174.76
468,237,52464,1,2501.52
469,237,79869,4,2024.34
470,238,93174,3,9906.62
471,239,88663,3,14938.41
472,239,49374,2,12566.66
473,239,55346,5,12320.37
474,240,30184,2,18904.79
475,240,37524,2,107.91
476,241,32978,5,5017.02
477,241,40537,3,6979.09
478,241,23747,5,468.89
479,242,17913,5,8234.08
480,242,24815,2,8220.21
481,243,5372,5,16042.09
482,243,20843,1,16923.8
483,244,19278,5,18116.78
484,245,88456,3,716.54
485,245,33543,3,3551.5
486,246,2168,3,16575.68
487,246,62417,1,14462.1
488,247,81514,1,9365.74
489,248,11437,3,18513.19
490,248,85213,1,3919.68
491,248,75724,5,15200.71
492,249,96748,1,12632.56
493,250,53532,5,9326.93
494,251,42110,2,11637.81
495,251,48270,5,17901.96
496,252,31447,2,4196.56
497,253,81778,1,12624.51
498,254,47099,3,17914.93
499,254,19561,4,10702.83
500,254,78420,4,909.07
501,255,90394,2,3373.18
502,256,24793,5,2195.14
503,256,74557,2,10116.53
504,257,68819,5,4775.74
505,257,80753,4,19175.08
506,257,10697,4,11868.27
507,258,51047,5,11058.93
508,258,23676,2,17191.14
509,259,83325,5,5884.16
510,260,305,3,1686.49
511,261,23536,2,7131.75
512,261,99319,2,15196.82
513,261,86216,3,14733.23
514,262,49286,5,1341.12
515,262,45699,2,269.72
516,262,75086,2,9791.17
517,263,77207,5,9032.27
518,264,88362,2,5113.81
519,264,91472,1,5916.59
520,265,91945,1,11254.99
521,265,62749,3,7107.37
522,265,1508,1,16832.08
523,266,50828,4,12721.19
524,266,58560,2,13920.7
525,267,13979,5,19262.89
526,268,34835,2,5253.14
527,269,13731,3,8372.31
528,269,850,2,13199.29
529,269,41223,4,14320.51
530,270,70779,4,14901.89
531,271,97618,4,14818.61
532,271,40793,1,3062.51
533,272,88051,3,2153.77
534,272,24066,5,6016.82
535,273,38250,1,8935.03
536,274,81313,5,4242.42
537,275,99344,1,2090.9
538,276,88301,1,11729.42
539,277,86552,4,17716.88
540,277,77479,4,17366.93
541,278,93815,2,12614.31
542,278,8738,4,13663.23
543,279,46744,1,17044.65
544,279,56925,4,11628.04
545,280,59052,4,11427.39
546,280,69292,2,16822.74
547,281,80860,2,14094.08
548,282,89603,4,3081.94
549,283,62356,2,3932.01
550,283,87284,2,7209.98
551,283,67828,4,15330.89
552,284,9606,4,8909.76
553,284,14467,2,9537.71
554,285,15502,3,7800.53
555,285,97108,1,18567.09
556,285,68139,1,17295.43
557,286,68427,2,17351.37
558,286,97669,1,8502.25
559,287,80636,5,7483.03
560,288,52747,2,144.3
561,288,44366,5,17368.62
562,288,83454,2,10069.4
563,289,23692,4,6158.61
564,289,38371,3,2565.68
565,289,82249,3,9875.41
566,290,46829,5,7134.78
567,290,88832,4,10764.58
568,290,22874,2,16191.59
569,291,84902,4,7077.47
570,291,5054,2,12785.49
571,292,5786,4,17514.5
572,292,26604,2,9440.4
573,292,83249,2,13679.73
574,293,94034,2,4377.9
575,294,70132,2,5106.48
576,295,40506,3,12381.23
577,295,62323,5,6863.34
578,295,76293,2,13525.6
579,296,29768,2,16439.94
580,297,4912,5,3474.53
581,298,21204,5,3907.87
582,299,93973,2,13975.61
583,299,1761,4,4319.29
584,299,70531,3,12608.65
585,300,57532,5,9772.64
586,300,90169,4,4007.03
587,300,5967,3,13633.29
588,301,48087,1,19099.95
589,301,69813,5,19937.04
590,302,33545,5,3235.2
591,303,20151,3,854.09
592,303,64837,1,7372.83
593,304,95935,4,16525.73
594,304,98414,2,7023.12
595,305,50691,3,4064.4
596,306,5630,3,5716.26
597,307,47497,4,9727.18
598,307,18741,3,13695.56
599,308,80839,2,11459.71
600,308,40604,2,17395.9
601,308,37354,5,15411.38
602,309,69652,4,11524.74
603,310,5643,1,4815.85
604,311,83202,3,8571.0
605,311,51410,5,14863.48
606,311,60874,2,6463.22
607,312,25932,3,11363.95
608,312,52353,1,13927.72
609,312,24868,4,15587.6
610,313,45636,1,16335.64
611,313,12491,1,145.94
612,314,39771,2,16938.96
613,314,45724,4,15554.22
614,314,54202,3,5511.78
615,315,86070,3,2685.61
616,315,57347,2,6540.74
617,315,23386,4,9231.84
618,316,5474,4,4397.97
619,317,7329,5,18268.92
620,317,19975,3,9836.95
621,318,80362,5,11861.13
622,318,82094,2,9751.83
623,318,70741,3,1228.01
624,319,9537,5,935.34
625,319,59374,5,12483.77
626,320,92285,1,16237.98
627,320,10315,4,1852.2
628,321,80738,2,14227.55
629,322,63318,2,1406.56
630,322,6964,1,9467.4
631,323,30223,3,1361.0
632,324,73663,5,358.85
633,324,89143,1,18525.3
634,324,39594,2,2920.59
635,325,14048,1,9733.72
636,325,56010,2,14721.65
637,325,58572,4,14018.41
638,326,87181,1,526.67
639,326,74449,3,17490.68
640,327,79011,3,4066.46
641,327,42157,1,16867.29
642,328,60351,4,16828.49
643,328,71093,4,10043.89
644,329,61347,3,16030.8
645,329,79853,4,15936.7
646,330,52357,3,4220.17
647,331,49961,4,5038.59
648,332,17087,4,5726.87
649,332,4879,5,15161.59
650,332,41410,5,9057.57
651,333,22228,2,12911.83
652,333,53284,3,13180.03
653,334,71553,1,6471.17
654,335,10504,4,15351.76
655,336,21837,3,8465.65
656,337,70550,5,6500.38
657,337,99836,4,3407.48
658,338,27722,2,17195.26
659,338,32327,1,11276.32
660,338,99587,1,1120.44
661,339,51571,4,7225.35
662,339,73582,5,15097.32
663,340,68223,5,7396.64
664,340,63711,5,17625.86
665,340,78698,3,13532.03
666,341,39815,3,16382.36
667,341,57958,5,16915.15
668,342,22613,3,6194.26
669,343,70346,4,1684.9
670,344,29039,2,19526.51
671,344,4643,5,19566.64
672,344,51026,1,15305.28
673,345,35312,1,19387.5
674,345,78475,5,4468.2
675,345,31831,2,5615.04
676,346,44260,2,17775.22
677,346,89274,1,19721.49
678,346,59375,5,2442.17
679,347,69601,5,11216.21
680,348,61624,5,19544.59
681,348,21258,5,14188.11
682,349,52656,4,8503.53
683,349,1619,3,11703.86
684,350,88003,1,10620.1
685,350,10865,4,15567.64
686,350,20965,1,6192.04
687,351,23535,1,13174.94
688,352,6064,3,15125.91
689,352,3710,4,13160.4
690,353,89999,2,5677.56
691,353,47355,4,9312.31
692,354,32828,5,2601.27
693,355,10264,1,89.99
694,356,47146,4,17999.7
695,357,96405,5,6528.16
696,358,54832,4,5780.39
697,359,66468,2,8016.59
698,359,67275,5,11943.22
699,360,30177,2,12047.64
700,361,55290,2,14800.49
701,361,80937,2,5758.68
702,362,50326,4,10003.99
703,363,96870,1,4382.95
704,364,13498,1,10788.45
705,365,9170,5,10542.14
706,366,63149,2,19681.05
707,366,82936,2,14091.58
708,367,99324,3,7978.72
709,367,4544,5,4466.51
710,367,98066,2,17759.47
711,368,39091,4,2401.45
712,368,5490,4,18564.36
713,368,56039,4,2364.69
714,369,10479,4,2263.38
715,369,7783,4,15988.34
716,369,26644,5,2456.4
717,370,13555,2,15865.79
718,370,75221,2,5313.83
719,370,27822,1,9262.62
720,371,80535,1,17268.47
721,371,21917,2,4421.5
722,371,3936,3,14276.45
723,372,79039,4,17331.37
724,372,31217,2,19210.28
725,373,95907,2,18949.24
726,373,93494,1,10627.65
727,373,34298,3,2556.55
728,374,96297,4,13857.64
729,374,77000,1,13289.67
730,374,23836,4,11914.19
731,375,90754,1,9469.14
732,375,22161,4,13891.36
733,376,69400,1,7027.78
734,376,17247,3,12367.15
735,377,60702,1,8906.27
736,377,45875,4,10277.01
737,377,97614,1,7530.83
738,378,86704,5,19516.65
739,379,86065,3,1408.24
740,380,74943,1,2437.65
741,380,23668,3,10507.53
742,381,61451,5,6674.74
743,381,80565,5,6371.41
744,382,99151,4,2241.23
745,382,97105,2,3773.23
746,382,47208,3,10478.32
747,383,7411,1,12268.94
748,383,9125,2,17520.66
749,383,65193,2,11926.54
750,384,58595,4,17183.89
751,384,65618,2,3618.66
752,384,66527,5,7020.32
753,385,13931,3,8685.18
754,385,44226,5,5831.62
755,386,24867,1,15616.71
756,387,67793,1,12838.15
757,387,18481,1,9575.06
758,387,53170,1,3574.79
759,388,7560,2,14695.69
760,389,93765,1,18316.51
761,389,26084,3,4384.71
762,389,46882,3,9906.3
763,390,70787,3,13140.27
764,390,54138,1,9144.59
765,390,6985,5,327.56
766,391,55605,3,9886.65
767,391,16920,2,16352.62
768,392,92458,2,2197.67
769,392,72278,1,10057.04
770,392,11172,5,12166.53
771,393,80260,4,848.77
772,393,44430,3,634.16
773,394,49097,3,5123.36
774,395,44571,5,3256.06
775,396,48216,5,14545.07
776,397,12395,5,2175.76
777,397,72132,4,16695.45
778,398,45284,1,5085.17
779,398,83805,1,10143.06
780,398,68175,4,1639.34
781,399,38249,1,3881.89
782,400,89328,2,15885.35
783,400,83485,1,15709.34
784,401,14130,4,9497.38
785,401,37471,4,19577.37
786,401,73196,4,13488.5
787,402,65877,4,12683.09
788,402,47623,4,13741.83
789,403,21233,3,6940.21
790,404,92667,5,13208.73
791,404,33276,5,15722.67
792,405,73046,4,3731.53
793,406,72300,5,17189.32
794,406,86505,5,17625.48
795,407,89758,5,3923.12
796,407,34511,3,9573.56
797,407,5883,4,10678.2
798,408,37077,2,18081.51
799,408,87605,4,9510.12
800,409,20196,2,1169.48
801,410,77043,5,3043.24
802,410,63910,3,19558.18
803,410,97492,1,19556.94
804,411,73107,4,5305.57
805,411,57635,4,7995.56
806,412,77890,3,2717.77
807,413,94929,3,11785.61
808,414,81245,3,5626.34
809,414,215,2,1034.69
810,414,52578,4,17337.48
811,415,18875,5,4662.14
812,416,16688,3,9483.13
813,417,32203,2,141.15
814,418,9235,4,6436.8
815,418,47952,1,5627.03
816,418,72362,5,3146.81
817,419,49220,1,4861.09
818,420,47359,4,6806.75
819,420,35244,4,16336.27
820,420,95843,3,13418.44
821,421,63093,4,13664.1
822,421,90803,1,897.22
823,421,25488,3,12889.82
824,422,87334,4,16224.29
825,422,19532,2,19385.36
826,422,62749,1,7444.01
827,423,74497,5,18027.37
828,424,12719,1,7312.32
829,424,52997,3,9362.39
830,425,27049,2,13571.02
831,426,78817,2,8114.64
832,426,240,2,11397.0
833,426,31633,5,10040.94
834,427,6138,3,7635.83
835,427,29243,3,13154.19
836,428,95415,1,4255.62
837,428,60187,5,15435.1
838,428,73567,1,280.5
839,429,44264,1,17879.84
840,430,7483,3,646.7
841,430,96668,5,9430.61
842,430,33066,3,7106.8
843,431,70233,3,11926.38
844,431,62497,2,797.28
845,431,3438,1,19968.03
846,432,36741,1,15520.5
847,433,48335,4,16765.45
848,433,60872,3,12930.12
849,433,96825,3,11206.34
850,434,58776,1,19013.26
851,435,31566,3,18817.13
852,435,51243,3,9680.25
853,436,78031,5,16099.69
854,436,91270,1,8536.46
855,437,87217,2,9022.67
856,437,46507,4,5510.36
857,438,50896,2,53.18
858,439,12565,4,17733.26
859,439,24689,2,16962.06
860,440,58418,3,2297.14
861,441,77048,4,18666.81
862,441,28465,4,3870.26
863,442,97341,1,5754.0
864,443,85279,3,11452.45
865,443,31892,5,1172.41
866,443,2233,5,8717.73
867,444,18945,2,18267.16
868,445,31192,3,3150.26
869,445,79699,2,16052.37
870,445,42648,4,1609.18
871,446,486,5,13946.58
872,446,44441,3,8957.76
873,447,76271,1,17452.39
874,447,2419,3,15504.65
875,447,26399,3,17595.5
876,448,19037,5,7889.47
877,448,4393,1,17560.19
878,448,868,3,1794.57
879,449,27552,2,3277.49
880,449,67946,2,14919.6
881,450,98252,4,1853.66
882,450,91130,5,12036.08
883,451,33246,1,3668.04
884,452,84291,3,13960.56
885,452,86204,2,18261.6
886,453,25855,1,3730.06
887,453,93470,1,19043.21
888,454,25267,4,11343.21
889,454,71143,1,9092.94
890,455,96586,3,10562.15
891,455,61880,2,7941.69
892,456,74318,1,5892.93
893,456,30747,1,9440.95
894,457,1244,3,10940.23
895,458,2860,2,1961.64
896,458,47008,1,14955.03
897,459,87955,4,4376.17
898,459,16310,3,4094.84
899,459,6944,5,19259.73
900,460,92479,4,6344.53
901,460,6134,1,266.26
902,460,36051,5,4157.16
903,461,66621,4,8762.76
904,461,92785,1,3037.64
905,462,5541,1,14313.39
906,463,6635,1,18930.46
907,463,8339,4,18141.24
908,464,84131,1,10987.08
909,465,9507,4,8165.86
910,465,64733,4,280.69
911,466,28769,3,5094.28
912,466,70856,5,18520.76
913,466,96646,2,17677.13
914,467,81403,5,1827.32
915,467,33520,1,733.03
916,467,25411,1,13937.74
917,468,10687,5,16328.92
918,468,7913,3,3278.81
919,469,58982,3,17232.49
920,469,19432,5,1587.11
921,470,66075,4,13914.4
922,470,9012,2,17830.31
923,470,38597,1,8669.56
924,471,88474,2,17919.59
925,472,16392,5,7805.3
926,473,2483,3,4652.39
927,473,87662,4,11314.45
928,474,58771,1,544.09
929,475,60363,2,17573.37
930,475,75930,2,1264.14
931,476,282,5,13073.28
932,477,40289,5,5003.96
933,477,35576,3,18928.75
934,477,95835,3,1037.96
935,478,42730,5,14837.71
936,478,99336,3,6411.06
937,478,24500,3,16818.44
938,479,68983,2,9765.23
939,479,18632,5,1057.15
940,480,68450,1,9195.67
941,480,81567,5,518.03
942,481,31091,1,9216.49
943,481,52740,1,13139.83
944,482,79048,4,18364.65
945,482,63067,3,12057.14
946,483,75076,5,6056.35
947,483,70806,3,8428.45
948,483,93661,5,11213.8
949,484,63105,3,8383.35
950,484,72990,4,19278.93
951,484,66904,2,16501.07
952,485,17123,4,3815.82
953,486,91015,4,1244.25
954,487,6583,5,12748.62
955,488,22408,5,14602.57
956,488,15701,3,1558.19
957,488,87613,4,14082.43
958,489,38500,3,11049.22
959,489,72246,4,1420.67
960,489,50575,3,12090.06
961,490,16711,5,17796.99
962,491,35751,4,19141.82
963,491,47609,1,13567.3
964,492,91443,1,2885.62
965,492,25103,2,9671.55
966,492,72433,3,7161.99
967,493,80862,1,7733.94
968,493,87706,2,14590.57
969,493,67176,4,4113.06
970,494,56578,4,19713.59
971,494,45704,1,5424.46
972,495,29384,2,18563.9
973,496,22385,1,13648.55
974,497,96400,5,3475.96
975,497,10005,1,10475.47
976,497,54665,1,19330.75
977,498,47919,5,11213.33
978,498,70394,3,6053.52
979,498,65263,2,10730.38
980,499,19109,2,12657.68
981,499,44733,3,16734.37
982,499,3826,3,8877.62
983,500,94335,2,8141.15
984,500,289,4,10992.1
985,501,57449,4,12880.3
986,502,66781,1,10814.17
987,502,42627,3,17303.84
988,502,8244,1,5542.26
989,503,93620,1,13525.88
990,504,50418,2,7133.92
991,505,74576,1,19699.16
992,506,38539,5,18899.01
993,506,7887,1,8383.49
994,506,44323,3,1801.39
995,507,7336,3,13251.47
996,508,71694,4,1848.55
997,508,36854,1,15716.71
998,509,76849,3,13144.88
999,509,77020,2,10828.13
1000,510,64565,5,15338.37
1001,511,83912,2,6274.01
1002,511,36666,5,1331.62
1003,512,80833,3,9060.0
1004,512,41826,5,8203.58
1005,513,55743,2,15621.7
1006,513,39333,1,13550.63
1007,514,85880,2,1591.88
1008,514,14367,1,400.11
1009,514,2467,4,9349.58
1010,515,17289,3,2908.33
1011,515,33572,1,10918.77
1012,516,79906,2,16372.94
1013,517,27129,2,1117.98
1014,517,92306,2,11388.13
1015,517,22251,4,7749.96
1016,518,55014,1,4091.59
1017,518,43590,5,5304.65
1018,519,67791,1,4374.48
1019,519,57174,5,19166.88
1020,520,71152,1,12451.41
1021,521,78821,2,9260.66
1022,522,30807,4,9835.92
1023,522,38823,2,10924.45
1024,523,47196,1,19992.12
1025,523,61748,2,17943.94
1026,524,61095,4,7624.14
1027,524,24307,5,6704.51
1028,525,90403,3,15932.41
1029,525,24038,3,15706.21
1030,526,95193,2,11404.25
1031,526,34244,4,5939.55
1032,526,48496,4,15417.2
1033,527,36099,4,5342.96
1034,527,98585,5,19483.46
1035,528,78750,4,15066.49
1036,528,26116,4,11337.95
1037,528,66225,4,4692.75
1038,529,75600,2,8626.59
1039,529,98866,1,1982.29
1040,529,44761,1,18916.64
1041,530,79922,5,4873.1
1042,530,84611,3,5947.22
1043,531,81863,3,15925.96
1044,532,15087,4,18189.64
1045,532,28262,1,3178.9
1046,532,74643,1,6719.11
1047,533,23037,4,16090.93
1048,534,46785,5,6898.79
1049,535,22921,1,17305.27
1050,535,96550,4,15786.07
1051,536,85101,5,13990.88
1052,537,86076,5,16073.71
1053,537,72092,1,1946.33
1054,538,56453,5,2113.63
1055,539,44101,3,14430.08
1056,540,2064,4,1175.5
1057,540,50430,5,11959.4
1058,541,8565,3,10329.43
1059,541,78155,4,8296.55
1060,542,10550,4,2778.15
1061,543,42192,3,6147.13
1062,544,11904,3,4092.81
1063,544,17495,5,6166.39
1064,544,76795,3,16354.19
1065,545,86367,3,9924.26
1066,545,90898,5,2746.5
1067,546,46404,3,17520.95
1068,546,495,2,12950.28
1069,546,50108,4,9925.71
1070,547,39635,1,10905.77
1071,547,36885,4,3104.28
1072,547,7385,5,8608.35
1073,548,8733,1,13861.51
1074,548,41471,2,9711.73
1075,549,25430,4,6267.96
1076,549,1600,3,14929.14
1077,549,40399,2,1181.82
1078,550,3156,4,14627.9
1079,551,32276,2,18270.74
1080,552,82358,2,3742.72
1081,552,65592,3,6427.22
1082,552,91332,2,15842.5
1083,553,16758,3,13311.36
1084,554,68138,4,13973.74
1085,555,31959,4,4457.12
1086,556,1779,2,7963.07
1087,557,37164,5,8661.93
1088,558,35055,1,10657.2
1089,559,7058,1,4429.5
1090,560,16459,4,17901.0
1091,561,47493,1,16435.76
1092,562,38458,1,6828.42
1093,562,71198,3,17833.6
1094,563,19268,2,2629.68
1095,563,22490,3,4815.46
1096,564,41217,2,13815.68
1097,565,69960,2,1971.94
1098,565,43934,3,10939.29
1099,565,89631,5,17743.81
1100,566,32766,2,6721.77
1101,567,8992,2,14855.39
1102,567,44262,2,3108.78
1103,567,67818,5,17974.08
1104,568,72211,2,6783.36
1105,568,87829,1,16297.7
1106,569,32996,3,1339.73
1107,569,6727,2,18262.85
1108,569,78283,4,2431.01
1109,570,81225,1,12875.62
1110,570,59071,4,13259.92
1111,570,48105,1,6396.53
1112,571,39837,5,7331.47
1113,571,39731,5,11960.86
1114,571,83657,4,7646.26
1115,572,18976,1,8657.05
1116,573,15749,2,18440.51
1117,574,99021,4,15940.27
1118,574,68043,4,17257.03
1119,575,18867,1,19368.78
1120,575,20188,3,17846.17
1121,575,74358,4,12436.93
1122,576,32352,5,8900.48
1123,577,58093,1,6180.05
1124,577,49255,5,887.59
1125,578,97610,5,15245.56
1126,578,79212,4,8692.81
1127,579,82145,3,12054.66
1128,580,1433,5,2328.04
1129,580,31091,2,444.57
1130,581,30697,4,7964.38
1131,581,37493,5,9983.22
1132,582,17519,3,7862.29
1133,583,5964,3,11751.27
1134,583,26733,4,14631.0
1135,584,4425,1,541.26
1136,585,97156,3,14584.13
1137,585,7376,2,13761.31
1138,585,9811,4,11642.51
1139,586,21698,1,4477.23
1140,586,19744,2,16877.84
1141,587,41410,5,15308.28
1142,587,62440,3,8555.12
1143,587,76926,3,13028.22
1144,588,34435,3,2822.25
1145,589,53327,3,9271.66
1146,590,18331,2,6731.97
1147,590,8587,1,15023.46
1148,590,87968,5,14011.34
1149,591,93088,1,3323.89
1150,592,46741,2,18818.25
1151,592,71684,3,2311.96
1152,592,1517,3,2539.65
1153,593,72507,1,18142.27
1154,593,11169,4,2071.57
1155,593,43951,4,6373.08
1156,594,9909,2,352.89
1157,595,73369,4,4943.25
1158,595,6035,1,19163.87
1159,596,12815,1,18778.54
1160,596,72757,4,8854.63
1161,597,93184,1,15444.21
1162,597,60392,5,14267.98
1163,598,61816,3,6707.4
1164,598,77686,2,11691.84
1165,599,53870,4,10505.23
1166,600,65917,2,16289.64
1167,601,92754,4,7386.29
1168,601,58918,2,6894.23
1169,602,23486,4,2311.1
1170,603,15646,4,17207.9
1171,604,85290,2,16398.12
1172,604,51824,2,15376.62
1173,605,74756,5,2695.64
1174,606,54483,2,12318.36
1175,606,4707,5,8461.65
1176,607,20914,4,100.88
1177,607,55897,4,9343.25
1178,608,16670,5,1085.48
1179,609,4895,2,15838.58
1180,609,99480,3,6833.29
1181,609,89053,4,12643.7
1182,610,42143,1,9157.97
1183,610,85493,3,6399.74
1184,611,46450,1,14566.18
1185,612,7667,4,19461.08
1186,613,28703,5,15283.73
1187,614,22717,1,13090.13
1188,614,96925,4,19491.55
1189,614,11721,3,3602.44
1190,615,31272,3,50.85
1191,616,28227,1,8608.85
1192,617,60444,2,12659.63
1193,617,11543,5,14034.43
1194,618,70584,4,3625.68
1195,618,35923,1,13135.62
1196,619,11758,1,8907.35
1197,620,30427,3,1398.19
1198,621,45256,3,7955.13
1199,621,23740,4,7163.65
1200,621,9629,3,18988.76
1201,622,860,2,9207.66
1202,623,89147,1,12856.82
1203,624,40612,4,13997.94
1204,624,23589,4,16122.58
1205,624,61441,1,12568.71
1206,625,51719,4,12614.17
1207,625,21770,1,9524.95
1208,626,16230,4,18684.53
1209,626,25999,2,4579.1
1210,627,56578,1,10873.11
1211,627,52677,1,11602.84
1212,627,49243,3,17547.06
1213,628,91618,2,6859.53
1214,628,23439,4,11692.63
1215,628,52592,2,11626.22
1216,629,8364,1,12144.98
1217,630,2888,5,14581.64
1218,630,5042,3,7154.08
1219,631,6916,2,11638.79
1220,631,95975,1,18493.57
1221,631,41142,2,4647.05
1222,632,95956,3,10631.06
1223,632,79426,5,1182.11
1224,632,97712,1,10474.2
1225,633,49440,3,5753.83
1226,634,76723,2,8288.73
1227,634,37526,3,9474.08
1228,635,84184,5,2193.99
1229,635,50869,2,9007.85
1230,636,68542,2,333.38
1231,636,93311,5,2074.33
1232,637,60027,2,12938.78
1233,638,73026,4,611.78
1234,638,95951,4,13452.13
1235,639,13059,4,3038.66
1236,639,28073,1,6995.41
1237,639,61748,2,18647.22
1238,640,93124,4,10338.88
1239,640,89898,3,18766.31
1240,640,21721,4,18278.38
1241,641,77055,1,3475.39
1242,642,91747,4,15415.62
1243,642,80840,4,9775.54
1244,642,99795,3,15619.12
1245,643,65370,4,1848.52
1246,643,75400,4,7760.85
1247,643,17640,3,15810.34
1248,644,25936,1,4846.09
1249,644,68825,3,17199.42
1250,645,53559,4,2584.47
1251,645,22291,2,4024.21
1252,645,91988,1,6616.46
1253,646,50890,4,18055.33
1254,647,74037,2,6999.48
1255,647,14915,1,3818.8
1256,647,66942,1,19127.83
1257,648,26468,2,19652.94
1258,648,98797,2,7017.03
1259,649,39077,2,13717.08
1260,649,54556,1,14297.86
1261,650,96236,4,15110.13
1262,651,94675,3,17781.54
1263,651,80781,4,10119.91
1264,652,49432,2,15414.15
1265,652,82100,1,11405.89
1266,653,68225,1,8710.1
1267,654,69449,1,5489.04
1268,654,86089,1,625.71
1269,654,11441,2,17896.24
1270,655,29203,3,17388.59
1271,656,18454,3,10883.12
1272,657,13375,4,11793.21
1273,657,67122,5,9312.11
1274,657,77533,1,11307.08
1275,658,31342,5,3964.75
1276,659,36923,2,2472.16
1277,660,99134,3,10223.54
1278,660,97018,4,11929.26
1279,661,72394,1,8748.46
1280,661,21190,5,17944.47
1281,661,23080,1,5871.32
1282,662,85915,5,9162.42
1283,662,51108,3,3613.47
1284,662,96888,5,3815.49
1285,663,50134,4,10811.17
1286,664,77277,4,2124.56
1287,664,42575,1,6667.47
1288,665,57520,5,4134.63
1289,665,51807,4,9237.08
1290,666,81688,4,1532.69
1291,666,29908,2,4773.87
1292,667,2968,2,3045.02
1293,668,57266,1,2850.3
1294,668,51328,4,2463.65
1295,668,36850,3,17751.91
1296,669,1662,5,11516.06
1297,669,76545,5,6895.22
1298,670,80821,5,2096.08
1299,670,68834,3,18012.45
1300,671,93205,1,16914.08
1301,671,69933,1,16263.64
1302,671,71296,1,11927.41
1303,672,10861,4,3338.77
1304,672,34616,1,3383.99
1305,672,16403,1,292.91
1306,673,93080,3,6559.82
1307,673,91998,4,4338.1
1308,673,50318,5,15220.27
1309,674,50901,5,15736.7
1310,675,11020,5,19496.3
1311,675,89237,4,15014.93
1312,675,352,5,9383.25
1313,676,39310,1,13556.49
1314,677,55450,5,9309.46
1315,678,45782,3,17292.69
1316,678,77416,3,10138.61
1317,679,57246,4,2022.86
1318,679,80419,1,16739.08
1319,680,59816,4,17948.98
1320,681,71312,3,4628.09
1321,681,48129,4,19168.71
1322,681,74495,3,9906.49
1323,682,37783,4,11935.73
1324,683,71235,4,18958.06
1325,683,48698,1,3089.91
1326,683,46650,4,16920.89
1327,684,6625,5,2683.59
1328,684,12192,4,16346.61
1329,685,55039,3,9117.1
1330,686,88479,4,5708.13
1331,687,62740,4,17334.76
1332,687,85527,4,2333.76
1333,687,97499,3,3475.5
1334,688,17916,3,924.9
1335,688,97054,2,3880.64
1336,688,54581,2,15033.8
1337,689,23857,2,16909.18
1338,689,31187,5,16541.69
1339,689,69001,3,17080.22
1340,690,52538,4,7345.81
1341,690,67462,4,6160.07
1342,691,996,2,684.36
1343,691,99230,4,11223.21
1344,691,62729,5,19562.39
1345,692,72803,2,19916.3
1346,692,30116,3,2180.84
1347,693,42225,2,14009.77
1348,694,84441,1,4078.5
1349,694,22770,5,9358.96
1350,694,2119,4,5417.11
1351,695,92166,1,6256.93
1352,695,25773,1,16852.24
1353,695,81205,2,14671.13
1354,696,61873,4,13882.98
1355,696,62118,4,14382.47
1356,696,13971,1,14255.23
1357,697,80356,1,3083.82
1358,698,65303,3,2312.62
1359,699,96374,5,17475.24
1360,700,9353,2,16750.95
1361,700,1624,3,18176.45
1362,700,32031,5,3131.83
1363,701,23107,3,7649.27
1364,701,50749,1,13608.34
1365,701,80897,1,16182.86
1366,702,77206,4,2542.05
1367,703,75121,2,16105.27
1368,703,53677,4,12322.58
1369,704,45296,1,8207.35
1370,704,80505,3,16769.21
1371,704,33548,3,18739.56
1372,705,41591,4,6568.44
1373,706,17707,2,17225.05
1374,706,65568,4,3403.82
1375,707,10264,1,1771.34
1376,708,57471,4,4192.28
1377,709,27779,5,4215.56
1378,709,72321,5,17062.83
1379,710,94338,3,6784.79
1380,711,31312,3,18647.38
1381,712,50170,4,10146.44
1382,712,48239,4,6882.96
1383,713,58510,5,11444.35
1384,714,59017,3,3446.72
1385,715,82702,5,16607.11
1386,715,65819,1,12966.72
1387,716,39943,4,9503.05
1388,716,51599,5,10166.6
1389,716,56734,5,460.96
1390,717,53673,4,3572.88
1391,717,30835,1,12836.42
1392,718,47133,5,12513.76
1393,719,82878,1,13236.09
1394,719,92557,2,13968.72
1395,719,10680,1,6897.33
1396,720,52129,1,19982.88
1397,721,637,4,19922.6
1398,721,91293,2,4526.88
1399,721,92635,1,16149.23
1400,722,64995,2,16921.7
1401,723,76697,4,1386.48
1402,723,60797,4,13978.02
1403,724,68040,3,7168.06
1404,724,50986,4,3803.11
1405,724,89650,1,18866.56
1406,725,56609,5,4911.34
1407,725,66117,2,16647.01
1408,726,78880,4,12064.66
1409,727,12117,2,5624.81
1410,728,41505,4,4115.03
1411,728,5697,1,11388.34
1412,729,28086,3,1923.36
1413,729,22921,1,7524.36
1414,730,54989,3,13061.02
1415,730,61263,2,16281.6
1416,730,88283,5,14598.78
1417,731,63809,4,11860.04
1418,731,5009,5,18394.59
1419,731,79366,2,19281.44
1420,732,44104,3,10764.12
1421,733,42202,3,14633.81
1422,733,18954,4,14183.78
1423,733,93152,2,14522.54
1424,734,50433,2,19252.7
1425,734,54473,4,5872.49
1426,734,69419,4,3164.89
1427,735,83054,2,8589.03
1428,735,1728,3,12268.29
1429,736,86242,1,9295.91
1430,736,13347,3,11561.1
1431,736,62415,5,16466.89
1432,737,47512,2,4224.45
1433,738,31265,2,4552.76
1434,739,70827,3,19622.91
1435,740,54359,3,18998.29
1436,740,38526,1,7771.45
1437,740,99275,4,13934.25
1438,741,64956,1,1194.51
1439,741,44223,1,13537.15
1440,742,50399,3,12020.45
1441,743,62977,2,19683.95
1442,743,45904,1,2048.58
1443,744,25836,3,7508.54
1444,744,70612,2,15666.59
1445,744,88576,5,15921.56
1446,745,75218,1,15815.69
1447,745,89703,1,11946.96
1448,746,75138,1,11898.52
1449,746,88773,3,12611.29
1450,746,8500,4,11833.28
1451,747,19271,1,19195.28
1452,747,85245,3,6808.75
1453,748,76735,3,10439.81
1454,748,67259,5,15762.0
1455,748,27427,3,7095.57
1456,749,64238,4,7447.16
1457,749,1350,4,5189.34
1458,750,59474,1,10215.53
1459,751,38734,2,13137.57
1460,751,93262,4,3373.92
1461,751,57555,3,17201.04
1462,752,96257,3,1673.68
1463,752,40620,1,8199.44
1464,753,65718,3,8157.59
1465,754,61130,1,3313.88
1466,754,10941,5,14382.84
1467,754,76508,3,17812.34
1468,755,5576,3,4411.54
1469,755,8966,4,7774.89
1470,755,67229,4,134.93
1471,756,92555,5,15295.1
1472,757,74060,4,17693.33
1473,757,85662,3,511.29
1474,757,964,2,8013.61
1475,758,71632,4,17380.85
1476,758,24694,1,6245.4
1477,759,86516,2,4828.54
1478,759,18458,2,11005.15
1479,760,40515,4,12934.73
1480,761,20989,3,1713.02
1481,761,96769,4,19342.77
1482,761,5117,4,16046.61
1483,762,22416,1,595.18
1484,762,82065,3,18452.43
1485,762,45984,2,6108.08
1486,763,6248,5,1084.51
1487,764,54155,4,18633.94
1488,764,49055,5,16460.46
1489,764,89223,4,9031.55
1490,765,61096,2,5521.9
1491,765,93734,5,8180.75
1492,766,20465,2,11016.82
1493,766,47752,2,8413.37
1494,767,67365,4,6550.8
1495,768,1739,2,4836.87
1496,768,42441,1,11616.01
1497,768,24108,3,4224.4
1498,769,39854,4,14832.6
1499,769,80354,4,3579.8
1500,769,96713,5,10313.97
1501,770,51153,5,2981.8
1502,771,91714,1,4337.03
1503,771,79817,1,214.44
1504,772,65622,2,14436.66
1505,773,98513,4,2532.82
1506,773,34243,2,9233.13
1507,773,98420,3,13280.88
1508,774,24150,4,1254.78
1509,774,26629,5,5249.95
1510,774,14056,2,1501.89
1511,775,22702,5,4337.01
1512,775,69171,1,13750.01
1513,775,31786,3,7775.05
1514,776,54045,4,13955.06
1515,777,94378,4,9787.61
1516,777,66576,1,10174.02
1517,777,58168,4,2883.21
1518,778,85422,1,17518.29
1519,779,23265,2,15841.13
1520,779,30705,3,11882.44
1521,780,11077,4,16942.37
1522,780,40363,5,10712.22
1523,781,8687,3,19347.72
1524,781,88508,3,17939.57
1525,781,829,3,11107.15
1526,782,44221,3,2989.53
1527,782,34052,5,3889.61
1528,783,18939,1,12590.33
1529,784,81799,1,12698.08
1530,785,78360,1,1349.36
1531,786,26296,5,9413.69
1532,786,46896,5,14086.43
1533,787,52628,4,10528.89
1534,787,2262,4,4528.17
1535,788,55995,2,4351.91
1536,789,70983,4,9134.92
1537,789,71161,3,6972.25
1538,789,4034,4,11681.18
1539,790,73016,4,18193.53
1540,790,45951,3,601.05
1541,791,87562,1,2288.02
1542,791,23205,3,3128.28
1543,791,62105,5,2269.45
1544,792,79991,3,14145.4
1545,793,29648,1,12459.69
1546,794,7116,4,15285.46
1547,794,10319,2,2168.96
1548,795,41830,4,11497.01
1549,795,48310,3,18562.1
1550,796,49585,4,12778.86
1551,797,42188,4,6607.87
1552,797,30389,2,1264.85
1553,797,39222,1,9750.41
1554,798,59015,5,7505.94
1555,799,88803,3,7874.92
1556,799,52349,2,12896.3
1557,800,28183,3,4008.24
1558,801,22696,1,9568.08
1559,802,8221,5,14159.07
1560,803,10231,5,6144.9
1561,803,69002,5,1031.14
1562,803,65374,2,14920.27
1563,804,40624,2,12607.8
1564,804,8768,4,16193.36
1565,805,57655,1,1437.79
1566,805,38276,4,8090.63
1567,805,42808,1,18517.77
1568,806,43475,3,12875.6
1569,806,64193,2,6811.31
1570,807,1902,2,12660.75
1571,807,49602,1,6237.0
1572,807,23368,4,8606.78
1573,808,71812,4,6346.2
1574,809,31262,3,9171.69
1575,809,32714,3,19391.23
1576,810,9781,1,4153.94
1577,810,84832,2,17739.35
1578,811,11324,5,17406.26
1579,811,20912,4,10566.49
1580,811,19568,3,15677.4
1581,812,45814,5,4704.34
1582,812,53767,2,9145.69
1583,813,36539,5,17161.42
1584,813,29690,5,13579.9
1585,814,24058,2,19836.63
1586,814,79023,3,3922.49
1587,815,53062,2,1077.93
1588,815,42848,4,5412.71
1589,815,61554,2,19119.94
1590,816,82610,5,19838.66
1591,816,13527,3,9075.24
1592,816,57356,1,13191.85
1593,817,27924,3,10736.09
1594,817,15233,4,7040.37
1595,817,39842,5,11388.27
1596,818,70391,2,5444.35
1597,819,75663,5,9452.86
1598,820,81915,5,4211.3
1599,820,63343,3,16096.98
1600,820,72696,4,2157.34
1601,821,43509,1,6861.87
1602,821,88689,2,18174.32
1603,822,78794,4,13989.29
1604,822,45640,4,4228.09
1605,822,58758,5,4445.85
1606,823,74012,2,13177.43
1607,823,27072,5,8953.33
1608,824,37987,1,407.38
1609,824,72053,1,11201.08
1610,824,81774,5,19965.2
1611,825,53510,1,816.32
1612,826,76877,5,18542.96
1613,826,99800,1,12885.13
1614,826,84638,1,18443.37
1615,827,70101,2,3688.69
1616,827,73715,2,15431.16
1617,827,4140,1,17313.85
1618,828,65588,1,1032.72
1619,828,24086,1,2904.98
1620,828,4704,4,18784.54
1621,829,55825,5,13356.93
1622,830,33589,3,19772.35
1623,831,18163,5,9692.36
1624,831,15041,5,14483.46
1625,831,67795,4,2282.56
1626,832,72607,1,16255.49
1627,832,92864,2,15966.53
1628,833,40902,4,12799.95
1629,833,72870,2,16191.52
1630,834,1236,2,13188.41
1631,835,35879,3,16208.33
1632,835,38103,1,5352.73
1633,835,43995,3,18239.28
1634,836,90976,3,3321.15
1635,836,64705,1,11815.4
1636,837,39907,4,7594.79
1637,837,51931,1,16012.44
1638,837,71603,3,2054.31
1639,838,30174,5,4684.3
1640,838,36376,5,14357.74
1641,839,87300,3,7064.59
1642,840,64444,5,6213.83
1643,840,74755,4,11605.9
1644,841,97485,5,17459.67
1645,841,32620,3,6891.4
1646,842,5204,1,16424.97
1647,842,30916,1,14894.22
1648,843,36763,4,10475.13
1649,843,16668,3,10337.31
1650,844,53244,4,15940.17
1651,844,31518,4,5368.88
1652,845,32918,2,916.63
1653,845,17294,1,2450.45
1654,845,87590,3,6032.46
1655,846,53412,3,10311.98
1656,846,59313,3,19613.79
1657,847,73409,3,13161.82
1658,847,21206,1,7641.26
1659,848,45115,5,18419.6
1660,849,90729,3,17745.51
1661,849,18369,2,5583.69
1662,849,13940,1,17207.37
1663,850,98950,3,11064.65
1664,851,37099,3,19362.38
1665,852,10401,2,17155.13
1666,852,57205,5,6168.2
1667,853,20097,3,12068.51
1668,853,72031,5,3641.68
1669,854,45507,3,13220.84
1670,854,60622,3,17629.3
1671,854,3547,2,14036.46
1672,855,45116,3,18091.49
1673,855,58514,4,18745.42
1674,856,73357,4,12180.86
1675,857,56984,5,9291.59
1676,858,79032,1,15049.34
1677,858,91506,3,16113.89
1678,859,74668,3,18097.44
1679,859,9596,4,19767.19
1680,860,13391,5,16156.64
1681,860,71007,2,2530.04
1682,861,82303,5,18540.57
1683,861,19657,1,770.56
1684,861,60510,5,1608.39
1685,862,65615,5,14186.45
1686,863,49953,1,14019.47
1687,864,99309,2,15734.54
1688,865,86799,1,18418.19
1689,865,52800,2,17778.32
1690,865,73016,2,5436.77
1691,866,43685,1,11483.53
1692,867,47288,5,14814.96
1693,867,52145,5,9844.05
1694,868,36712,1,18257.89
1695,868,11599,5,9787.08
1696,868,90838,1,13249.9
1697,869,686,1,2183.26
1698,869,57397,1,9697.63
1699,869,53753,2,14398.76
1700,870,24198,3,3849.99
1701,870,61644,5,13794.61
1702,871,69984,5,6691.99
1703,871,89277,1,8157.53
1704,872,19158,5,16196.39
1705,873,98189,1,12980.66
1706,873,12991,5,12577.7
1707,873,42249,4,6164.28
1708,874,14851,4,4911.28
1709,874,4354,4,2317.31
1710,875,64893,4,7871.25
1711,876,49960,3,2892.58
1712,876,68156,2,9223.63
1713,877,4928,5,14470.17
1714,877,29717,2,16356.72
1715,878,2807,2,10400.88
1716,879,76871,3,16523.93
1717,880,13705,2,13066.12
1718,880,32417,5,1302.56
1719,881,54727,2,4559.49
1720,882,74874,2,10923.85
1721,882,59487,4,1194.95
1722,882,4748,2,9303.04
1723,883,64170,5,1332.35
1724,883,3069,5,11352.98
1725,883,21028,5,9775.57
1726,884,43035,1,12923.51
1727,885,43569,2,18121.19
1728,886,8143,3,12304.27
1729,886,53331,5,12292.22
1730,886,52945,3,7238.24
1731,887,21374,4,9723.38
1732,887,76723,4,15253.64
1733,887,40588,4,9892.84
1734,888,50718,4,5317.09
1735,889,49923,1,14028.24
1736,890,97010,1,7304.12
1737,890,55068,5,3626.98
1738,891,53162,1,8927.61
1739,891,24791,3,14303.72
1740,892,77068,1,12898.12
1741,893,67157,1,11304.47
1742,893,34310,3,16494.95
1743,893,47168,2,15455.64
1744,894,78535,4,8388.37
1745,895,46539,4,10502.85
1746,896,71542,4,17074.46
1747,896,40816,1,8320.5
1748,897,21580,4,18130.75
1749,897,87817,2,5756.26
1750,898,36823,1,14757.41
1751,899,2302,2,8341.34
1752,900,96054,4,14136.49
1753,900,55599,5,137.82
1754,900,48951,3,10314.16
1755,901,17158,4,3320.09
1756,902,66122,5,2591.59
1757,903,87887,5,8120.6
1758,903,75282,4,4482.25
1759,903,89489,2,15044.33
1760,904,3068,3,16640.2
1761,904,7626,4,19502.62
1762,905,38501,5,6017.14
1763,906,18472,1,13386.01
1764,907,47709,3,16594.23
1765,907,4213,4,243.99
1766,908,11585,4,10649.27
1767,908,85669,3,6776.5
1768,909,74120,3,10386.05
1769,910,87104,2,7524.89
1770,910,89635,5,5535.57
1771,911,82823,3,5042.48
1772,911,38170,1,17159.79
1773,912,45059,4,233.22
1774,912,34806,5,5501.95
1775,912,88385,5,17694.75
1776,913,39333,5,10080.67
1777,913,52646,2,14374.14
1778,914,17814,3,6114.42
1779,914,36934,3,8620.16
1780,914,71178,5,2530.37
1781,915,39,1,18842.62
1782,915,12930,1,11341.1
1783,916,92765,3,2734.21
1784,916,38079,3,6454.93
1785,916,17009,1,5049.42
1786,917,78178,1,2900.31
1787,917,55786,4,2787.03
1788,917,75217,4,4677.81
1789,918,23991,4,2180.81
1790,918,88444,3,4127.99
1791,918,4367,1,2505.41
1792,919,78132,3,10868.35
1793,920,14964,5,5754.64
1794,921,92539,2,11563.81
1795,921,97438,4,2628.36
1796,922,88209,2,3720.85
1797,922,56603,2,11524.21
1798,922,32752,4,4792.99
1799,923,43764,2,16013.23
1800,923,39744,4,8827.07
1801,924,49826,1,18194.05
1802,924,4403,5,17256.84
1803,925,94130,5,12255.25
1804,925,80427,5,11313.35
1805,925,82482,5,13067.83
1806,926,6966,4,8437.77
1807,926,47936,1,12612.78
1808,926,27531,4,4960.95
1809,927,87637,5,7229.72
1810,928,92066,1,14276.23
1811,929,11513,3,16029.59
1812,929,43534,2,15206.61
1813,929,92262,4,12685.01
1814,930,5072,5,13821.95
1815,930,62222,3,4975.37
1816,931,51708,5,16947.24
1817,932,43630,4,11162.22
1818,932,44742,1,7633.77
1819,932,77117,4,16831.2
1820,933,17016,3,476.67
1821,933,47309,5,4151.59
1822,934,20142,3,6605.76
1823,934,15993,4,2439.58
1824,934,22090,3,17820.28
1825,935,46277,5,4383.27
1826,935,22298,3,18900.18
1827,935,1544,4,4560.87
1828,936,59957,5,16110.26
1829,937,65392,4,17377.34
1830,937,12195,2,15942.25
1831,937,1709,3,8552.79
1832,938,27796,5,17178.41
1833,938,50084,3,3639.21
1834,938,94814,1,11052.91
1835,939,94302,4,396.93
1836,939,73437,4,15689.77
1837,939,7195,4,18811.34
1838,940,83593,4,3265.52
1839,940,33014,2,10971.61
1840,940,11847,3,17092.62
1841,941,28966,3,11579.59
1842,941,14662,1,18603.59
1843,942,48007,4,17885.76
1844,942,66913,4,7617.58
1845,943,97210,1,18088.33
1846,943,86729,5,6364.67
1847,944,71135,1,12231.78
1848,945,9769,1,2552.92
1849,945,57594,1,3087.37
1850,946,7155,4,12995.45
1851,947,46568,4,4910.89
1852,947,71523,3,9767.1
1853,948,19741,3,4047.21
1854,949,97919,4,15732.1
1855,949,13087,4,10584.69
1856,949,41069,3,17703.81
1857,950,38054,2,1952.06
1858,950,19335,3,13824.33
1859,951,27447,2,8434.66
1860,951,20471,3,9702.9
1861,951,43464,2,9446.19
1862,952,9792,3,10329.84
1863,953,3729,2,9273.69
1864,953,9846,1,2204.55
1865,953,37737,4,14800.2
1866,954,4668,2,12645.25
1867,954,5190,2,15400.11
1868,954,58820,3,14305.95
1869,955,94922,5,12371.38
1870,955,25801,4,11584.47
1871,956,42714,2,2090.73
1872,956,96616,4,17149.25
1873,957,12781,4,4769.54
1874,957,38646,3,3606.4
1875,957,38503,2,12857.54
1876,958,47625,3,18082.15
1877,958,99380,5,595.52
1878,958,23609,4,7983.85
1879,959,6370,2,867.34
1880,960,16897,1,4010.84
1881,961,64188,3,12749.88
1882,961,42257,5,1965.76
1883,961,73673,5,11019.41
1884,962,11763,2,6343.58
1885,962,89957,4,1785.82
1886,962,39681,2,10175.55
1887,963,83472,4,8133.9
1888,964,94105,4,1832.74
1889,965,71739,5,5882.36
1890,965,41841,5,16034.28
1891,966,9269,3,19161.65
1892,966,46607,2,557.33
1893,967,15030,3,10179.77
1894,967,11246,3,18756.19
1895,968,83211,5,1138.91
1896,968,33885,1,11578.61
1897,968,37940,2,5061.04
1898,969,50736,2,7337.65
1899,969,65268,5,6150.99
1900,970,67346,4,7798.82
1901,971,57138,2,5438.42
1902,971,15196,1,3676.09
1903,971,53881,3,12567.3
1904,972,1923,4,15985.97
1905,972,7827,5,9712.19
1906,973,98667,5,3296.19
1907,974,67709,5,5559.2
1908,975,31693,2,4461.91
1909,975,33868,4,11507.04
1910,976,54943,1,16403.09
1911,976,76888,3,5751.35
1912,977,55975,5,2394.49
1913,978,38927,5,12915.75
1914,978,58888,3,12397.56
1915,979,25215,1,15901.36
1916,979,63745,2,18655.15
1917,979,61782,1,13523.31
1918,980,66424,5,16404.51
1919,981,9682,1,13676.73
1920,981,67865,5,1858.0
1921,981,76985,1,6771.84
1922,982,48972,3,582.17
1923,982,77842,5,8400.68
1924,982,10727,5,15926.66
1925,983,92449,4,9838.44
1926,984,26317,1,13063.84
1927,984,9942,2,743.74
1928,984,66934,3,13123.68
1929,985,40883,3,8277.99
1930,986,26641,1,12886.65
1931,987,72910,4,4243.85
1932,987,23892,3,6217.26
1933,987,72961,5,15709.21
1934,988,17088,2,11458.36
1935,988,76439,3,7065.56
1936,988,24129,4,11029.0
1937,989,751,2,3354.83
1938,990,95553,3,13558.82
1939,990,50739,2,6277.68
1940,990,68691,2,2062.24
1941,991,38048,5,16241.5
1942,991,95781,2,7735.7
1943,992,97822,2,8562.5
1944,992,11487,1,14563.49
1945,992,2006,1,1722.77
1946,993,79554,1,13821.0
1947,994,34927,3,5063.65
1948,994,36576,2,12254.5
1949,994,92231,3,11724.62
1950,995,80634,2,8803.42
1951,996,58526,4,19106.36
1952,997,36078,5,6873.29
1953,997,12396,5,18398.01
1954,997,89053,1,173.95
1955,998,55737,2,2055.56
1956,998,13162,4,1969.97
1957,998,12133,5,17033.19
1958,999,3688,4,761.79
1959,999,24171,4,6373.37
1960,1000,39827,3,16341.06
1961,1001,44393,2,11776.16
1962,1001,14526,4,13859.47
1963,1001,87841,5,9518.94
1964,1002,12530,4,17894.82
1965,1002,93799,5,2828.08
1966,1003,55172,5,7490.8
1967,1004,17589,1,16404.4
1968,1005,5063,4,17185.38
1969,1005,93772,1,4248.47
1970,1005,5097,2,1970.49
1971,1006,24250,3,1292.14
1972,1006,36603,3,18535.12
1973,1006,33519,1,4950.66
1974,1007,55148,4,9049.59
1975,1007,18737,3,8455.41
1976,1008,60234,1,18021.84
1977,1009,10742,1,18416.12
1978,1009,4732,1,3384.39
1979,1010,86486,2,12283.5
1980,1010,40069,4,7452.95
1981,1011,12915,5,11612.42
1982,1011,39299,5,8885.57
1983,1011,33559,2,156.57
1984,1012,10795,1,15339.19
1985,1012,15026,5,6710.49
1986,1012,58451,4,1543.04
1987,1013,98564,5,9939.64
1988,1013,55585,3,4240.79
1989,1014,96876,3,8081.83
1990,1015,75208,5,15940.16
1991,1015,13437,2,5071.05
1992,1015,38012,3,4268.86
1993,1016,99207,1,1824.97
1994,1016,27160,2,17700.24
1995,1017,25170,5,4104.99
1996,1017,45139,3,2638.43
1997,1018,68468,4,14643.0
1998,1018,82775,2,11001.29
1999,1019,57653,4,5107.87
2000,1020,16239,1,10024.8
2001,1020,72067,4,18373.47
2002,1020,57402,2,11060.1
2003,1021,20019,2,13280.41
2004,1021,46173,1,3111.65
2005,1022,21073,3,13988.22
2006,1023,41012,2,4514.25
2007,1023,76969,4,2122.35
2008,1024,5727,2,18503.38
2009,1025,80203,1,13015.72
2010,1025,26625,3,9982.37
2011,1025,31938,2,1211.67
2012,1026,36421,5,17821.72
2013,1026,61742,3,7010.7
2014,1026,44899,3,10913.25
2015,1027,90097,3,5232.79
2016,1028,26697,1,7491.23
2017,1029,45789,5,5509.17
2018,1030,23555,2,10063.43
2019,1030,6424,4,2072.74
2020,1030,43132,1,2403.76
2021,1031,95237,1,14948.84
2022,1031,80361,4,4879.23
2023,1032,36626,2,19235.62
2024,1032,66581,4,990.4
2025,1032,77852,1,17044.04
2026,1033,90617,3,7699.02
2027,1034,82279,1,18127.12
2028,1034,89058,2,13796.33
2029,1035,93785,5,18682.25
2030,1035,71926,4,8508.69
2031,1036,4318,2,8415.08
2032,1037,37606,2,12541.66
2033,1037,13890,3,8075.82
2034,1037,49997,4,4758.66
2035,1038,47866,1,12991.62
2036,1038,63700,3,16839.48
2037,1039,24731,1,14465.23
2038,1039,40377,2,17011.82
2039,1040,46183,1,7044.13
2040,1040,18050,5,16662.91
2041,1040,61097,2,4649.49
2042,1041,27260,4,6105.96
2043,1041,42956,1,3131.57
2044,1042,72402,1,9866.76
2045,1042,48623,2,3715.22
2046,1042,4371,4,1621.47
2047,1043,39360,3,18235.06
2048,1044,8121,2,14981.29
2049,1044,30188,1,9712.52
2050,1045,53704,2,14995.08
2051,1045,38084,2,19465.84
2052,1045,52666,5,3489.3
2053,1046,64576,3,19661.49
2054,1046,89844,5,5278.43
2055,1046,77640,3,9511.33
2056,1047,40339,5,18587.03
2057,1048,51677,5,2567.99
2058,1049,63097,2,5711.66
2059,1049,46097,3,17971.78
2060,1049,90917,5,6821.87
2061,1050,41948,2,4406.64
2062,1050,1239,2,18943.72
2063,1051,37093,4,13401.92
2064,1052,43361,4,16501.94
2065,1053,97928,2,10529.24
2066,1053,43457,3,178.36
2067,1054,18009,1,3188.77
2068,1054,76647,4,2114.79
2069,1054,54210,2,17454.47
2070,1055,19259,4,14833.44
2071,1056,61121,1,2575.14
2072,1056,98737,2,19494.65
2073,1057,47245,2,13708.52
2074,1058,76391,3,19085.95
2075,1059,68943,5,9871.93
2076,1059,270,3,17669.43
2077,1060,99900,3,16725.7
2078,1060,43888,3,16713.53
2079,1061,90572,5,19458.13
2080,1062,24054,1,5875.86
2081,1062,67912,3,15639.0
2082,1063,54765,3,18822.17
2083,1064,92716,3,3909.48
2084,1064,72210,1,15574.32
2085,1065,43394,4,490.72
2086,1065,86616,2,9037.41
2087,1066,44667,4,2508.91
2088,1066,68401,4,5183.6
2089,1066,9678,3,2287.56
2090,1067,31998,5,17856.41
2091,1067,81568,5,12448.89
2092,1068,4330,5,12690.57
2093,1068,67683,2,8906.29
2094,1068,67906,3,6190.04
2095,1069,29827,2,3467.59
2096,1069,29146,2,5114.58
2097,1069,13627,2,4155.7
2098,1070,39923,3,14438.94
2099,1070,4368,4,3664.79
2100,1070,55859,1,16604.55
2101,1071,13765,1,5335.08
2102,1071,84424,4,1704.4
2103,1071,44706,5,9527.66
2104,1072,2294,2,2911.49
2105,1073,10693,2,16940.35
2106,1073,91626,4,17970.79
2107,1074,37183,4,14280.03
2108,1074,24558,4,1267.78
2109,1075,21136,5,10098.0
2110,1075,45807,3,12298.46
2111,1075,8240,5,8289.54
2112,1076,88890,2,3920.09
2113,1076,58615,4,8711.44
2114,1077,79369,2,13072.51
2115,1077,47451,3,11719.16
2116,1077,73653,1,5673.27
2117,1078,65782,4,7993.79
2118,1078,8982,1,3928.76
2119,1078,24777,5,12498.17
2120,1079,69168,4,3502.08
2121,1079,82847,3,432.02
2122,1080,71568,4,4238.53
2123,1080,30688,2,17587.81
2124,1081,38189,1,984.14
2125,1082,85086,5,15329.48
2126,1082,17715,2,8730.11
2127,1082,99417,2,13714.72
2128,1083,2247,5,19822.72
2129,1083,79288,5,10810.11
2130,1084,67717,4,6276.38
2131,1084,63954,4,16296.88
2132,1084,12072,1,4050.77
2133,1085,63238,3,4630.25
2134,1085,98677,5,18919.19
2135,1086,25195,5,10140.38
2136,1086,87024,2,375.31
2137,1086,63971,3,15779.6
2138,1087,68397,3,1312.31
2139,1088,70962,5,7938.49
2140,1088,24805,5,12893.59
2141,1088,29787,3,12883.48
2142,1089,21468,4,8526.83
2143,1089,25704,4,19650.85
2144,1090,68316,1,12664.47
2145,1090,43773,5,7852.64
2146,1091,72200,2,15759.74
2147,1091,66561,3,16219.31
2148,1092,70917,3,17049.73
2149,1093,40410,3,18308.12
2150,1093,51884,4,4372.72
2151,1094,15502,3,9198.04
2152,1095,86987,4,8020.62
2153,1096,37560,1,15242.09
2154,1096,67008,3,18596.36
2155,1096,88256,1,17089.25
2156,1097,71223,5,1239.12
2157,1097,16405,4,19939.35
2158,1097,73196,1,12961.1
2159,1098,51402,5,12795.74
2160,1098,13773,4,2955.96
2161,1098,4738,1,7569.15
2162,1099,75350,5,7839.91
2163,1100,15664,5,17995.18
2164,1100,23749,4,7262.89
2165,1101,71377,4,6142.71
2166,1101,87790,2,1751.19
2167,1102,95458,5,4128.23
2168,1102,70076,2,17056.21
2169,1102,73459,2,12267.81
2170,1103,79709,1,18698.22
2171,1103,11120,2,12142.97
2172,1104,74253,3,7411.09
2173,1104,56127,4,3587.31
2174,1104,52400,4,11440.02
2175,1105,99611,2,788.29
2176,1105,48407,4,12130.48
2177,1105,77316,1,18152.17
2178,1106,74667,1,7773.59
2179,1107,73542,1,6432.91
2180,1107,47453,3,16254.86
2181,1107,69208,1,1469.34
2182,1108,33387,1,4938.19
2183,1108,31564,2,2349.41
2184,1109,32149,4,12569.83
2185,1109,64051,2,983.24
2186,1109,15720,2,9047.69
2187,1110,96362,2,3666.02
2188,1110,73487,3,19708.1
2189,1111,12487,5,11449.78
2190,1111,84949,5,46.1
2191,1111,492,1,14515.76
2192,1112,13133,5,15975.23
2193,1112,47600,1,8729.3
2194,1113,76943,5,1957.07
2195,1113,32786,4,12388.0
2196,1114,49807,4,17193.22
2197,1115,14304,1,5605.77
2198,1115,90467,4,12336.63
2199,1116,28384,1,19586.17
2200,1116,10525,3,2049.04
2201,1116,9753,5,11662.56
2202,1117,30008,5,9389.28
2203,1117,15778,4,5724.78
2204,1118,94668,3,4880.61
2205,1118,85752,4,7407.42
2206,1119,23107,5,10600.81
2207,1119,7795,3,8613.87
2208,1119,71345,2,13246.25
2209,1120,4981,5,1085.5
2210,1120,72989,5,1799.6
2211,1120,65905,3,1862.96
2212,1121,70777,4,11599.88
2213,1121,87032,4,13163.1
2214,1121,50476,2,2174.12
2215,1122,51477,3,10425.81
2216,1123,58466,3,769.97
2217,1124,99778,5,13203.06
2218,1124,6439,3,19119.56
2219,1124,55486,3,9917.04
2220,1125,25809,4,7275.55
2221,1125,93292,4,160.11
2222,1125,93060,5,14109.27
2223,1126,65450,1,19464.47
2224,1127,51564,1,2877.21
2225,1128,11769,1,15092.55
2226,1128,16012,3,13273.43
2227,1129,80139,2,3288.74
2228,1129,2351,5,2621.63
2229,1129,41633,4,9586.62
2230,1130,46279,5,17158.98
2231,1130,45669,5,18564.72
2232,1130,7237,3,3221.16
2233,1131,59027,2,3844.14
2234,1132,27073,1,14205.44
2235,1132,44837,2,16675.26
2236,1132,20302,2,65.19
2237,1133,15671,1,5416.27
2238,1134,18876,3,8147.67
2239,1134,39859,3,2917.33
2240,1135,43114,5,6563.51
2241,1136,42130,4,10822.76
2242,1136,52582,2,8616.83
2243,1137,87081,2,13183.06
2244,1138,8664,4,8382.96
2245,1138,26483,1,17078.92
2246,1138,86665,4,18658.84
2247,1139,8739,2,7699.39
2248,1139,60858,4,6997.41
2249,1140,71819,3,5083.74
2250,1140,98010,1,8367.93
2251,1141,24924,5,10825.69
2252,1141,2020,2,2811.87
2253,1141,80008,4,4146.36
2254,1142,67878,5,3177.95
2255,1142,7145,5,5584.11
2256,1142,7251,5,2615.1
2257,1143,86939,2,18174.89
2258,1144,67357,5,7422.89
2259,1145,9237,4,15181.47
2260,1146,30222,2,6328.2
2261,1146,73396,2,5573.67
2262,1147,77676,3,8815.85
2263,1148,90738,4,8349.88
2264,1148,48233,5,1808.61
2265,1149,37838,4,8402.88
2266,1149,82984,2,3949.36
2267,1150,1949,2,6261.89
2268,1150,2131,4,1473.13
2269,1151,1505,4,5906.96
2270,1151,7759,3,13077.06
2271,1151,89273,4,14549.04
2272,1152,72550,5,8242.02
2273,1152,42090,3,15566.0
2274,1152,65438,2,18918.03
2275,1153,79813,1,15091.04
2276,1153,59711,3,16483.95
2277,1154,29728,2,1578.41
2278,1155,84960,1,17204.7
2279,1155,80908,1,9675.79
2280,1155,33847,5,13604.48
2281,1156,31863,3,8706.95
2282,1157,96856,3,11336.79
2283,1157,22568,5,19832.34
2284,1158,67151,5,6976.39
2285,1159,19457,2,8508.31
2286,1160,76759,5,6153.58
2287,1161,1858,4,14532.58
2288,1161,86112,3,1850.68
2289,1162,83966,4,16195.44
2290,1163,58929,4,8343.62
2291,1163,81964,3,9295.46
2292,1163,95775,5,8196.55
2293,1164,73516,4,17618.67
2294,1164,84093,4,17818.85
2295,1164,83073,3,3121.34
2296,1165,37329,2,13512.19
2297,1166,53153,4,15949.5
2298,1166,85685,2,17713.15
2299,1167,90782,1,5095.17
2300,1167,1084,1,691.62
2301,1167,98292,3,1348.94
2302,1168,37280,2,3573.65
2303,1169,18601,2,12279.62
2304,1169,30775,5,11847.37
2305,1169,2133,5,13060.71
2306,1170,85349,2,19839.51
2307,1170,2519,3,19918.52
2308,1170,96853,4,14367.22
2309,1171,68792,4,4984.49
2310,1171,88721,5,6785.04
2311,1172,4070,1,17302.62
2312,1172,30031,5,18678.56
2313,1172,21966,3,9153.14
2314,1173,68732,3,3256.53
2315,1174,54549,4,2910.76
2316,1175,71238,2,5976.51
2317,1175,30422,3,13501.64
2318,1176,79939,4,18542.53
2319,1176,34704,1,14506.31
2320,1177,83270,5,9837.59
2321,1177,21673,4,13064.16
2322,1177,54974,5,6418.03
2323,1178,5277,1,18732.63
2324,1178,47690,2,6426.58
2325,1179,10757,3,1566.39
2326,1179,61733,4,8737.37
2327,1180,82786,1,11018.51
2328,1181,30774,2,19304.53
2329,1181,96856,5,12397.89
2330,1182,60359,1,18683.24
2331,1182,62190,1,5765.67
2332,1183,50000,4,9134.79
2333,1183,38383,3,11712.1
2334,1184,1701,4,19722.61
2335,1184,1018,2,4616.64
2336,1185,22743,4,8710.83
2337,1186,57147,3,609.46
2338,1186,49407,3,4420.99
2339,1187,16200,5,9557.02
2340,1187,15612,3,7755.83
2341,1187,70323,5,15.04
2342,1188,84439,5,5634.76
2343,1189,50800,1,758.14
2344,1190,14142,2,18231.01
2345,1191,82462,5,3329.04
2346,1191,92393,2,12238.93
2347,1192,24564,5,15389.1
2348,1193,93747,2,6874.74
2349,1193,95271,4,19892.69
2350,1194,39783,5,11783.35
2351,1194,16744,2,3712.99
2352,1195,69988,1,6763.96
2353,1196,5866,4,16479.02
2354,1197,63704,4,8158.03
2355,1197,76026,2,7220.95
2356,1197,20361,2,13188.38
2357,1198,14154,4,14905.75
2358,1198,95941,2,19712.24
2359,1198,88271,3,12034.57
2360,1199,67828,1,17664.74
2361,1200,48212,3,11934.35
2362,1201,35841,1,3143.43
2363,1201,26064,5,11139.94
2364,1202,59355,4,2012.73
2365,1202,59842,2,10059.2
2366,1203,16189,1,1039.68
2367,1204,66363,1,17913.17
2368,1204,82453,1,6551.39
2369,1205,18733,1,3871.13
2370,1205,93729,2,5196.65
2371,1206,64770,4,1278.92
2372,1207,68042,5,9597.8
2373,1208,67204,1,1251.65
2374,1208,73897,2,6368.8
2375,1208,67948,5,17878.79
2376,1209,64406,3,3776.84
2377,1209,53568,5,1629.3
2378,1209,77495,1,16640.27
2379,1210,48087,3,2198.01
2380,1210,88151,4,497.03
2381,1210,32254,2,16949.93
2382,1211,76289,2,4096.22
2383,1211,75913,4,13538.76
2384,1211,21083,1,8050.92
2385,1212,91945,2,17795.45
2386,1213,95665,5,16848.3
2387,1214,24244,5,10528.45
2388,1215,11774,5,11381.71
2389,1215,41938,2,3632.23
2390,1215,28029,1,14127.0
2391,1216,28430,1,15726.06
2392,1216,73970,2,15585.65
2393,1216,71234,2,9398.23
2394,1217,18251,1,9401.24
2395,1217,30792,4,914.83
2396,1217,10341,4,6095.44
2397,1218,52932,1,13853.0
2398,1219,30484,5,3403.14
2399,1219,16188,2,14141.25
2400,1219,56878,2,10253.1
2401,1220,60531,4,7122.66
2402,1220,12670,3,10589.0
2403,1221,31599,4,409.66
2404,1221,85370,2,15791.32
2405,1222,11091,5,1261.72
2406,1222,5868,1,17577.63
2407,1222,97567,5,17310.77
2408,1223,67043,3,5981.34
2409,1223,16724,5,6027.04
2410,1223,78337,3,8011.13
2411,1224,23195,3,15177.29
2412,1224,70814,3,4255.18
2413,1225,38526,1,13217.4
2414,1226,94192,1,5830.45
2415,1227,43491,2,8064.75
2416,1227,26928,5,9645.81
2417,1227,99688,1,3165.34
2418,1228,58134,2,11055.59
2419,1228,56526,2,8754.52
2420,1228,38642,1,8872.22
2421,1229,80605,3,13607.39
2422,1229,92963,3,9049.65
2423,1229,64681,1,12922.28
2424,1230,95153,1,14188.33
2425,1230,50618,1,6631.55
2426,1231,30327,3,14563.31
2427,1232,42569,5,19166.95
2428,1232,47434,5,6514.82
2429,1232,96587,5,10864.71
2430,1233,28984,3,193.04
2431,1234,70992,2,13295.56
2432,1235,66051,3,9057.91
2433,1236,55582,1,16511.38
2434,1237,68310,3,16959.98
2435,1237,63257,3,13136.62
2436,1237,5403,3,11812.48
2437,1238,37623,1,15305.3
2438,1238,7636,5,16769.47
2439,1239,94964,1,8895.03
2440,1239,74028,2,17958.24
2441,1240,27568,2,3352.1
2442,1241,84904,2,10633.84
2443,1241,20187,2,13128.19
2444,1241,99312,1,11515.12
2445,1242,26944,3,8656.96
2446,1242,21004,1,13776.4
2447,1242,26849,3,5080.11
2448,1243,75278,3,5292.57
2449,1243,86348,5,12116.57
2450,1243,32532,5,9390.95
2451,1244,25870,1,18776.64
2452,1244,89595,5,6412.16
2453,1244,64493,4,5220.08
2454,1245,85642,2,248.77
2455,1245,54584,4,13450.44
2456,1245,15425,1,18858.9
2457,1246,786,5,11596.91
2458,1247,94611,1,4177.3
2459,1248,12616,3,11622.82
2460,1248,92432,2,14246.13
2461,1249,28202,3,7006.53
2462,1250,37408,3,15476.9
2463,1250,19633,5,2351.56
2464,1251,70321,2,14799.22
2465,1251,35626,4,10922.06
2466,1251,76464,2,8823.71
2467,1252,57426,5,19454.82
2468,1252,60315,1,4360.24
2469,1252,24929,1,12340.92
2470,1253,52257,4,11709.6
2471,1254,33531,4,9333.88
2472,1255,47991,5,8720.55
2473,1256,19082,1,2344.33
2474,1256,96907,2,13052.36
2475,1257,32161,1,8085.26
2476,1258,93823,3,13202.73
2477,1258,30448,4,3680.83
2478,1259,14655,3,12315.06
2479,1259,7695,4,9440.95
2480,1260,32811,4,19501.48
2481,1260,44769,1,15154.94
2482,1260,22106,2,17348.81
2483,1261,60345,5,6427.28
2484,1261,39084,1,16480.39
2485,1262,25415,2,11017.33
2486,1263,6461,1,3457.64
2487,1264,54536,1,8758.85
2488,1264,47277,4,14150.59
2489,1265,38116,2,14366.87
2490,1265,75506,2,3669.29
2491,1265,67310,4,7189.8
2492,1266,16742,4,11947.57
2493,1266,35480,1,305.86
2494,1267,87351,1,12025.83
2495,1267,99526,3,3912.71
2496,1268,99634,4,12181.64
2497,1268,49152,5,9154.53
2498,1269,95600,5,13800.27
2499,1269,58789,5,4733.31
2500,1269,31468,2,3364.29
2501,1270,76586,4,10020.88
2502,1270,61508,5,17097.22
2503,1271,33685,5,11041.98
2504,1272,52625,2,7169.28
2505,1273,50819,4,1206.84
2506,1273,86626,1,10233.01
2507,1274,5595,2,14752.2
2508,1274,12762,1,14779.63
2509,1275,6312,3,11049.8
2510,1275,81901,3,17259.46
2511,1275,43772,5,13065.3
2512,1276,90274,1,10632.99
2513,1276,67638,2,16223.61
2514,1276,60541,5,6742.76
2515,1277,57410,5,16355.39
2516,1277,51353,3,11258.0
2517,1278,63316,3,4199.54
2518,1279,26283,1,11454.04
2519,1279,92461,3,16125.81
2520,1279,14460,5,19507.99
2521,1280,62313,5,13710.29
2522,1281,45366,4,10952.34
2523,1281,29739,5,11321.85
2524,1281,82098,1,10767.13
2525,1282,11159,3,15831.69
2526,1283,80003,3,1292.05
2527,1283,89181,1,11838.42
2528,1283,80593,1,2651.01
2529,1284,74243,5,1798.39
2530,1285,94858,2,4602.31
2531,1285,96231,1,6372.83
2532,1285,45365,3,19179.24
2533,1286,39486,4,18528.29
2534,1286,82921,1,13787.11
2535,1287,55113,1,7521.59
2536,1288,78692,1,13012.39
2537,1288,61973,1,8684.18
2538,1289,53245,1,7867.71
2539,1290,72362,2,4341.55
2540,1290,3495,3,6999.03
2541,1290,12489,3,14563.07
2542,1291,83861,3,10551.89
2543,1292,70855,5,8178.86
2544,1292,30692,5,1067.66
2545,1293,54428,5,19846.78
2546,1293,11326,3,251.35
2547,1293,24562,5,11451.56
2548,1294,85492,1,15217.72
2549,1294,93656,1,2184.15
2550,1294,90383,5,4379.38
2551,1295,51127,1,3211.34
2552,1295,70312,2,10757.84
2553,1295,57225,5,15690.62
2554,1296,18309,1,18207.51
2555,1296,64103,1,3652.46
2556,1296,10859,1,19631.51
2557,1297,61246,4,14015.02
2558,1297,51848,5,2763.16
2559,1298,30072,1,7986.89
2560,1298,21689,1,16505.54
2561,1299,30928,3,2375.06
2562,1299,90161,1,10348.24
2563,1299,24161,5,3820.74
2564,1300,10842,2,19192.5
2565,1300,18685,1,6056.19
2566,1301,96681,4,18997.26
2567,1301,51133,1,10378.04
2568,1302,83023,5,7402.34
2569,1302,94248,4,1580.31
2570,1303,90778,1,1119.88
2571,1303,91600,2,18818.34
2572,1303,41445,3,2919.94
2573,1304,55233,2,18013.42
2574,1304,65443,5,3765.66
2575,1305,59381,1,496.22
2576,1305,98554,2,16902.21
2577,1306,55823,1,15516.73
2578,1306,37277,2,15134.32
2579,1306,37496,1,6834.91
2580,1307,27511,3,1633.25
2581,1308,20699,3,11463.71
2582,1308,24010,3,16200.55
2583,1309,95798,3,2495.4
2584,1310,25751,2,9398.68
2585,1310,7868,1,3436.69
2586,1310,60382,1,4952.93
2587,1311,74084,3,13673.07
2588,1311,18751,2,4577.15
2589,1312,67445,4,865.95
2590,1312,55118,3,17944.68
2591,1312,56197,5,8348.22
2592,1313,10945,4,12102.27
2593,1314,49867,4,14114.77
2594,1315,34412,5,18641.6
2595,1316,76991,5,14694.23
2596,1316,34357,5,8065.86
2597,1317,91404,4,19680.28
2598,1318,24396,1,3508.33
2599,1318,18653,1,13241.61
2600,1318,22383,2,2368.27
2601,1319,72573,5,16598.96
2602,1319,46176,1,2936.67
2603,1320,69664,3,4413.93
2604,1321,33495,4,14098.63
2605,1321,32043,2,18954.88
2606,1322,50091,1,6398.22
2607,1322,54669,4,12202.94
2608,1322,72881,2,8106.15
2609,1323,46581,2,8364.3
2610,1323,77083,3,19392.84
2611,1324,40524,2,17505.29
2612,1325,96348,5,893.49
2613,1325,32374,3,19372.75
2614,1326,54937,1,358.15
2615,1326,18823,5,2017.52
2616,1326,97519,3,11896.05
2617,1327,65848,3,4025.85
2618,1328,32605,3,4341.93
2619,1328,15511,1,4636.73
2620,1328,89159,3,12646.36
2621,1329,99745,5,7369.62
2622,1329,37583,2,1208.77
2623,1330,39557,4,10292.08
2624,1331,78385,3,6869.79
2625,1332,23132,4,12064.96
2626,1333,57424,2,6408.4
2627,1333,68312,1,18473.72
2628,1334,13485,4,9543.9
2629,1334,91873,5,16080.19
2630,1334,62710,5,12928.56
2631,1335,70704,2,19323.4
2632,1335,13425,3,15571.07
2633,1336,36792,5,2118.37
2634,1336,61047,4,17169.75
2635,1336,82714,5,15089.72
2636,1337,27370,4,15931.38
2637,1338,41561,2,10757.06
2638,1338,85543,4,15742.67
2639,1339,84600,5,6678.28
2640,1340,26809,2,1979.4
2641,1340,74826,1,1812.54
2642,1340,27254,4,9937.5
2643,1341,66798,5,17933.83
2644,1341,31491,2,8365.21
2645,1342,15142,3,5201.7
2646,1343,13543,1,13293.11
2647,1343,62672,2,10727.89
2648,1343,56718,2,5590.93
2649,1344,40278,1,10040.62
2650,1344,52428,5,7785.5
2651,1344,3060,5,8370.96
2652,1345,87292,2,17577.42
2653,1345,95516,1,28.79
2654,1346,1162,5,13506.94
2655,1346,28830,3,14077.77
2656,1347,5210,2,3276.11
2657,1347,13084,1,18384.7
2658,1348,54681,2,1296.5
2659,1348,63960,5,5186.54
2660,1348,29916,4,9629.97
2661,1349,42210,5,2491.82
2662,1350,73558,5,19975.51
2663,1350,44129,1,6501.85
2664,1351,33906,2,17240.32
2665,1351,99827,3,8907.72
2666,1352,45377,5,17463.42
2667,1353,76010,2,8847.45
2668,1353,41048,3,4172.73
2669,1354,94650,2,4445.43
2670,1355,57986,5,3176.5
2671,1355,35962,1,12993.84
2672,1355,62460,4,9712.46
2673,1356,76619,1,1605.29
2674,1356,72367,1,4948.15
2675,1356,42884,1,9160.06
2676,1357,38100,1,5006.44
2677,1357,99242,1,4254.31
2678,1357,6364,1,4794.05
2679,1358,86900,3,12434.74
2680,1358,45510,3,16406.24
2681,1358,99828,4,10801.62
2682,1359,96135,3,1654.83
2683,1360,91241,5,16696.69
2684,1360,86793,4,14041.35
2685,1361,12880,5,18937.6
2686,1361,55297,5,8922.96
2687,1361,94734,2,13768.84
2688,1362,421,3,18830.9
2689,1363,27294,2,9238.73
2690,1363,46541,5,14569.21
2691,1364,3962,4,15856.54
2692,1365,45408,5,4914.76
2693,1366,76564,3,12587.61
2694,1366,19553,2,904.99
2695,1366,75161,4,15408.36
2696,1367,57006,4,9196.88
2697,1367,60168,1,2909.05
2698,1368,18723,5,8391.7
2699,1368,19790,2,10984.82
2700,1368,44837,4,112.91
2701,1369,94238,4,939.48
2702,1369,72154,1,11729.16
2703,1370,9458,4,19166.2
2704,1370,48743,5,6516.34
2705,1371,41302,4,12886.07
2706,1371,69425,4,8822.54
2707,1371,77104,1,7823.27
2708,1372,91476,2,4545.97
2709,1373,47240,4,2166.59
2710,1373,15876,2,1524.29
2711,1374,6901,5,19395.97
2712,1374,6153,4,972.55
2713,1375,72331,4,6930.61
2714,1375,80096,4,3246.34
2715,1376,7923,1,13217.82
2716,1376,93965,3,4276.21
2717,1376,69126,3,6715.68
2718,1377,64776,2,18593.67
2719,1377,86877,1,4601.86
2720,1377,83702,4,2729.95
2721,1378,21640,4,7805.59
2722,1379,61597,2,8876.21
2723,1379,74357,3,13694.88
2724,1380,80810,5,10924.66
2725,1380,18783,4,19283.47
2726,1380,90760,3,963.73
2727,1381,857,1,4079.02
2728,1381,20592,4,10628.33
2729,1381,94997,3,6272.58
2730,1382,36506,3,18344.98
2731,1382,44790,2,5806.91
2732,1382,9632,3,9864.05
2733,1383,59925,5,16908.62
2734,1384,36632,5,3553.2
2735,1385,78005,1,16700.86
2736,1386,82387,4,7339.17
2737,1386,7549,5,727.26
2738,1386,82952,5,3576.84
2739,1387,83317,1,11415.94
2740,1387,99517,2,1589.66
2741,1388,1111,1,9738.0
2742,1389,51266,2,631.48
2743,1390,38775,2,3594.01
2744,1390,33224,4,10918.78
2745,1391,45465,5,18512.38
2746,1392,7330,4,4598.68
2747,1393,19520,1,11103.63
2748,1394,42427,5,10959.7
2749,1394,17170,2,12034.41
2750,1394,78854,3,15669.65
2751,1395,45589,4,8714.0
2752,1396,23762,1,9273.31
2753,1396,70897,3,9846.66
2754,1397,70995,3,5143.03
2755,1397,30810,5,13722.81
2756,1397,83694,2,4961.83
2757,1398,47421,1,6002.67
2758,1399,86780,4,11583.58
2759,1400,50916,1,2797.14
2760,1400,12422,1,4363.89
2761,1401,7123,4,17593.24
2762,1401,55052,3,19263.06
2763,1401,59018,4,8908.96
2764,1402,81492,5,11350.58
2765,1402,75923,4,12066.12
2766,1402,72244,3,18206.37
2767,1403,57425,4,5475.08
2768,1404,82875,1,1085.93
2769,1404,34022,4,829.69
2770,1404,83464,2,8760.96
2771,1405,10525,1,7331.68
2772,1405,76558,3,11122.05
2773,1406,97864,5,10457.64
2774,1407,77674,1,8110.15
2775,1408,55373,2,9061.59
2776,1408,9872,1,17535.73
2777,1408,98998,3,8919.13
2778,1409,16083,5,1412.08
2779,1409,37362,5,2329.14
2780,1410,47397,1,12338.84
2781,1410,81747,5,14415.88
2782,1411,32966,2,3439.72
2783,1412,31819,3,2241.32
2784,1412,51641,1,13482.51
2785,1413,52331,4,479.38
2786,1414,95852,5,7592.22
2787,1414,55736,5,18110.98
2788,1415,75726,4,8097.24
2789,1416,12670,3,5555.28
2790,1417,98470,3,19605.67
2791,1417,96786,4,8579.89
2792,1418,31994,5,17134.39
2793,1418,6001,5,18487.81
2794,1419,66843,5,12539.39
2795,1419,47039,2,10478.72
2796,1419,11880,4,14075.61
2797,1420,95789,5,17481.8
2798,1420,33157,2,18078.19
2799,1421,66885,5,11399.26
2800,1421,57861,3,2800.33
2801,1421,38118,2,3042.01
2802,1422,62031,5,628.31
2803,1422,29652,1,10443.73
2804,1423,83519,2,5579.42
2805,1424,53343,3,12598.3
2806,1424,40550,3,15453.65
2807,1425,22672,1,18044.1
2808,1425,57187,1,3883.35
2809,1426,44456,5,17709.07
2810,1427,24988,3,7147.5
2811,1427,81857,5,10873.56
2812,1428,89223,1,14394.14
2813,1428,93844,3,7962.54
2814,1429,79715,2,597.08
2815,1429,69475,3,13116.39
2816,1430,90062,1,9088.8
2817,1430,53370,1,13962.98
2818,1431,71674,5,5707.51
2819,1432,31,4,13348.18
2820,1432,31493,4,1575.76
2821,1433,49023,5,6552.34
2822,1433,84289,4,10024.16
2823,1434,39408,4,12467.55
2824,1434,28122,5,19668.96
2825,1435,40602,3,2522.85
2826,1435,98315,2,15562.67
2827,1436,15763,5,1148.24
2828,1437,44445,5,12947.58
2829,1438,79490,3,326.25
2830,1438,16798,4,8549.54
2831,1439,73123,2,9872.92
2832,1440,42803,3,18044.41
2833,1440,914,2,17539.26
2834,1441,60603,4,15160.1
2835,1441,2606,5,11719.16
2836,1442,10215,1,17752.93
2837,1443,93290,4,6403.78
2838,1443,31180,2,13621.24
2839,1444,65502,4,4928.4
2840,1444,29148,4,14430.9
2841,1445,39391,4,5567.66
2842,1445,38023,4,1323.95
2843,1445,57255,3,18416.61
2844,1446,58468,3,18216.14
2845,1446,55433,1,4737.37
2846,1447,93253,5,18549.29
2847,1448,64879,5,12261.62
2848,1448,75654,2,17920.15
2849,1449,74981,4,19263.85
2850,1449,74568,4,11855.27
2851,1449,76217,4,15970.1
2852,1450,93511,2,945.98
2853,1451,49712,1,16996.99
2854,1452,92834,1,10072.54
2855,1452,88284,5,17891.12
2856,1453,20024,1,18400.98
2857,1454,80280,5,12407.21
2858,1455,32607,4,19245.87
2859,1456,97068,5,3604.75
2860,1457,17408,2,11798.86
2861,1457,73701,5,13044.56
2862,1458,52437,5,3831.38
2863,1458,60021,5,1789.48
2864,1458,48600,4,8758.57
2865,1459,54452,2,1470.44
2866,1459,28636,3,5429.8
2867,1460,94769,1,10892.28
2868,1461,29764,5,16188.41
2869,1462,81137,4,13316.52
2870,1463,99468,1,7315.73
2871,1464,26803,5,11902.58
2872,1464,96809,3,7855.19
2873,1465,75820,2,7548.09
2874,1465,76690,4,7420.34
2875,1466,38070,3,1325.93
2876,1466,76455,4,7385.22
2877,1467,68377,3,9763.99
2878,1467,3593,4,13755.37
2879,1467,2203,1,5844.7
2880,1468,16535,3,1352.64
2881,1469,86669,1,14109.06
2882,1470,70912,4,11328.54
2883,1470,15574,1,4137.1
2884,1470,45390,2,16165.22
2885,1471,14719,4,13939.84
2886,1471,16942,2,17529.37
2887,1471,70861,5,4756.67
2888,1472,67519,3,18912.35
2889,1473,28168,4,3568.14
2890,1473,16311,1,16685.81
2891,1474,94325,5,12973.22
2892,1474,19871,1,17638.84
2893,1474,19772,1,15032.09
2894,1475,13723,1,17874.67
2895,1476,87824,4,16626.17
2896,1477,93828,3,13188.82
2897,1478,19830,3,16814.88
2898,1478,18228,4,11387.72
2899,1479,13405,2,1430.2
2900,1480,82635,5,8191.22
2901,1480,27205,3,15572.78
2902,1481,14199,2,8023.41
2903,1481,3028,1,1984.67
2904,1482,83770,2,665.79
2905,1482,83551,4,4646.27
2906,1483,46134,2,3514.23
2907,1483,94191,1,3543.67
2908,1484,35279,4,18021.37
2909,1485,79263,5,18523.44
2910,1485,91223,5,18648.12
2911,1486,89272,4,3787.5
2912,1487,15593,1,6602.63
2913,1487,32806,4,19710.87
2914,1487,77320,1,6420.57
2915,1488,46983,1,13014.51
2916,1488,16758,3,5323.01
2917,1489,52964,5,8269.79
2918,1489,75035,5,2307.31
2919,1490,68772,5,5596.18
2920,1490,27195,5,18312.74
2921,1490,7398,4,4051.24
2922,1491,1228,2,15750.65
2923,1492,26572,2,10224.93
2924,1492,69770,2,4417.64
2925,1493,10816,2,2658.1
2926,1493,74466,1,9256.99
2927,1493,8082,1,19216.04
2928,1494,43597,2,9490.73
2929,1494,18824,2,16687.12
2930,1494,29181,4,19439.2
2931,1495,85540,1,13357.86
2932,1495,82508,4,622.78
2933,1495,66618,4,11730.54
2934,1496,51388,1,4524.3
2935,1497,66117,3,13027.41
2936,1498,25702,3,4153.56
2937,1499,80072,5,17170.92
2938,1499,51845,5,817.9
2939,1499,62859,5,16857.15
2940,1500,32459,4,18025.72
2941,1500,87152,5,14616.51
2942,1500,39017,5,6543.63
2943,1501,18999,3,15394.8
2944,1502,53679,4,12141.79
2945,1502,4330,2,10394.89
2946,1502,66815,1,3223.69
2947,1503,7792,3,2091.71
2948,1504,96949,5,12391.02
2949,1504,52044,2,6422.51
2950,1505,70144,2,18368.37
2951,1505,98013,3,12787.79
2952,1506,50770,5,3266.39
2953,1506,40853,3,15869.03
2954,1507,63337,4,16587.81
2955,1507,13125,5,10289.05
2956,1507,26073,5,9499.72
2957,1508,58974,5,11426.08
2958,1508,14700,1,1336.17
2959,1508,25403,3,12881.34
2960,1509,54586,3,7875.71
2961,1510,52807,2,416.68
2962,1510,73013,5,6222.28
2963,1511,53407,2,11780.09
2964,1511,60921,3,6052.51
2965,1512,93137,3,12030.51
2966,1513,94605,5,16103.6
2967,1513,12756,2,12857.98
2968,1514,1,3,11196.67
2969,1515,71393,5,15851.14
2970,1515,35791,2,17510.61
2971,1516,85045,1,19990.07
2972,1516,23942,4,15564.09
2973,1517,23098,5,15397.72
2974,1518,67325,2,2872.98
2975,1518,98660,5,10204.38
2976,1518,6337,3,10024.31
2977,1519,16946,5,7703.0
2978,1519,71068,3,6986.76
2979,1520,57648,1,7441.85
2980,1521,54455,3,1545.77
2981,1522,55674,5,5993.27
2982,1523,16161,2,13377.03
2983,1523,56020,3,13435.15
2984,1524,4135,1,10781.89
2985,1525,64166,4,7073.54
2986,1525,18558,2,2216.27
2987,1526,44358,2,14165.71
2988,1526,54156,1,15113.43
2989,1526,24794,3,3264.56
2990,1527,47191,2,9126.88
2991,1528,42138,2,14546.0
2992,1529,5691,4,12697.34
2993,1529,33668,3,12386.16
2994,1530,75370,3,17883.93
2995,1530,32400,4,13404.9
2996,1531,7197,3,3270.14
2997,1531,53085,3,1264.55
2998,1531,26174,2,10976.87
2999,1532,72867,1,154.52
3000,1533,13552,1,7241.9
3001,1533,27733,4,676.82
3002,1534,48961,4,9471.08
3003,1535,87278,1,15126.31
3004,1535,59121,3,17477.28
3005,1536,56535,2,18226.65
3006,1537,6044,1,7368.74
3007,1538,23850,5,5723.44
3008,1538,34018,4,12015.2
3009,1538,1480,5,11485.22
3010,1539,36964,4,8645.34
3011,1540,58061,1,7019.0
3012,1540,37874,4,9606.07
3013,1540,10867,2,7112.35
3014,1541,58423,5,17440.44
3015,1541,24836,4,646.84
3016,1541,74406,4,3718.96
3017,1542,51690,2,15795.14
3018,1542,63304,1,9882.42
3019,1542,65377,3,4907.76
3020,1543,4346,1,6257.8
3021,1543,26629,3,4357.57
3022,1543,83983,2,5265.1
3023,1544,26182,1,7045.75
3024,1544,80572,1,289.19
3025,1544,95638,2,9249.5
3026,1545,49050,5,8646.01
3027,1545,82645,4,10884.59
3028,1546,13819,2,18912.88
3029,1546,45180,3,6094.93
3030,1546,99799,5,4037.32
3031,1547,89895,5,6192.31
3032,1548,75633,5,13461.65
3033,1548,90187,2,15328.73
3034,1548,97621,5,5433.24
3035,1549,54521,1,11764.35
3036,1550,99117,5,14791.74
3037,1551,44452,2,17315.21
3038,1551,4062,5,19314.29
3039,1551,23887,3,4012.19
3040,1552,80696,2,15504.08
3041,1552,22898,1,6877.01
3042,1552,81556,3,3994.61
3043,1553,45721,5,9064.5
3044,1553,42138,1,10539.08
3045,1553,47664,5,8940.86
3046,1554,8341,4,12581.5
3047,1554,6314,5,6908.85
3048,1555,64503,2,13725.91
3049,1555,23386,3,19482.35
3050,1555,21985,2,16213.46
3051,1556,59509,1,9240.66
3052,1556,85484,4,6964.23
3053,1556,99998,2,18006.49
3054,1557,23325,3,13917.59
3055,1557,10825,3,15168.14
3056,1558,1027,1,9817.87
3057,1558,42792,4,10627.9
3058,1558,88032,5,2830.71
3059,1559,9087,2,16515.68
3060,1559,69250,5,15152.92
3061,1559,98486,1,9314.45
3062,1560,82470,2,12688.36
3063,1560,31871,3,12632.91
3064,1561,64372,1,5508.51
3065,1561,96016,1,487.21
3066,1562,57116,5,15609.72
3067,1563,62431,3,12686.94
3068,1563,18973,5,3190.59
3069,1564,95712,3,16695.07
3070,1565,16501,4,1265.04
3071,1565,28731,4,1226.61
3072,1566,33099,1,3997.5
3073,1566,92936,1,14055.22
3074,1567,19441,4,15958.41
3075,1568,68833,4,559.11
3076,1568,84735,2,40.86
3077,1568,98031,2,8894.06
3078,1569,41076,2,475.65
3079,1570,82250,4,18479.33
3080,1570,29752,5,8117.15
3081,1570,53516,5,7679.07
3082,1571,3149,4,11772.48
3083,1571,23536,2,11038.49
3084,1571,26559,2,14183.89
3085,1572,36703,1,7398.81
3086,1573,13870,2,12645.79
3087,1574,47349,1,5532.93
3088,1574,44635,2,8722.89
3089,1575,37992,3,11592.2
3090,1575,8448,2,10137.65
3091,1576,76482,2,7476.57
3092,1576,95801,5,5395.42
3093,1576,32914,4,14617.83
3094,1577,65074,4,11477.33
3095,1578,55944,3,13551.61
3096,1579,85759,1,5410.51
3097,1580,49464,3,14111.21
3098,1581,22909,4,11263.72
3099,1581,66704,4,4484.44
3100,1582,3414,3,15244.5
3101,1582,83817,2,14618.72
3102,1582,81508,3,2206.35
3103,1583,30372,5,2037.15
3104,1583,93486,2,5513.67
3105,1583,56140,1,1268.17
3106,1584,12248,2,3291.1
3107,1584,46368,1,10155.38
3108,1584,10606,4,442.98
3109,1585,14970,3,13689.36
3110,1586,1907,3,19154.79
3111,1586,83384,1,10982.11
3112,1587,13969,3,5325.99
3113,1587,34417,3,8732.87
3114,1587,96946,5,4252.26
3115,1588,67446,2,1688.97
3116,1589,50767,3,12826.92
3117,1589,81471,3,15176.15
3118,1589,55457,2,18463.14
3119,1590,24265,4,18694.83
3120,1590,97625,4,18798.93
3121,1590,26671,4,2492.12
3122,1591,56650,5,2719.18
3123,1591,51015,5,3899.36
3124,1591,19114,5,5839.46
3125,1592,93801,2,19159.61
3126,1592,17539,5,4222.91
3127,1593,28542,4,11317.99
3128,1593,26801,5,961.0
3129,1593,29568,2,9772.16
3130,1594,98535,4,2665.09
3131,1594,99215,5,7034.61
3132,1595,94635,2,7990.12
3133,1595,81437,2,8672.33
3134,1595,3082,5,3816.08
3135,1596,72431,4,15043.15
3136,1596,68808,2,2949.86
3137,1596,63773,5,18211.56
3138,1597,99245,3,15657.98
3139,1597,4429,2,16420.96
3140,1598,3571,3,4715.89
3141,1598,18216,2,8728.97
3142,1599,48711,2,14669.49
3143,1599,5398,1,17653.02
3144,1599,10623,3,1504.81
3145,1600,98494,1,13791.49
3146,1600,54759,3,13743.36
3147,1601,1646,2,18590.03
3148,1601,81066,4,15728.22
3149,1601,66362,1,5390.86
3150,1602,46559,3,5953.56
3151,1603,22870,4,10207.81
3152,1603,58730,4,17570.91
3153,1603,56258,1,7970.61
3154,1604,78342,3,4519.48
3155,1604,97589,2,13290.33
3156,1604,86039,5,2862.11
3157,1605,95650,5,14678.33
3158,1605,21834,1,317.46
3159,1605,60475,1,13385.68
3160,1606,27031,2,16266.31
3161,1606,9448,2,12242.59
3162,1607,65790,2,16402.15
3163,1608,85017,5,19658.23
3164,1609,52300,5,1562.21
3165,1609,19121,2,13797.94
3166,1609,57212,1,12725.97
3167,1610,19103,2,6497.26
3168,1611,96838,3,15328.16
3169,1612,47852,1,16379.97
3170,1613,20727,3,12563.22
3171,1614,3959,3,1121.49
3172,1614,52590,4,19652.66
3173,1615,88608,4,12506.26
3174,1616,3389,4,5708.52
3175,1617,86106,2,2930.42
3176,1618,36257,5,7698.66
3177,1618,63139,5,5549.99
3178,1619,54125,5,7413.03
3179,1620,70117,2,16177.39
3180,1620,95527,3,9339.88
3181,1621,64889,4,10450.4
3182,1621,61546,4,17562.64
3183,1622,14170,5,18796.77
3184,1623,38709,4,3967.46
3185,1624,37526,5,17597.35
3186,1624,67603,1,17569.05
3187,1624,59036,3,858.65
3188,1625,21405,2,3327.08
3189,1625,41494,1,14440.31
3190,1625,60404,1,5514.73
3191,1626,67898,1,13007.95
3192,1626,94416,5,2626.35
3193,1627,87756,1,17651.64
3194,1628,39107,1,9503.26
3195,1628,65701,2,11024.84
3196,1629,30568,4,7065.52
3197,1630,40848,5,13323.25
3198,1631,55619,1,14844.22
3199,1632,86025,1,17010.16
3200,1632,27267,5,13596.04
3201,1633,96464,1,11037.65
3202,1633,81702,4,4399.97
3203,1634,15447,4,5874.22
3204,1634,13438,5,13666.13
3205,1634,78589,1,1256.91
3206,1635,95140,2,6457.83
3207,1636,42513,1,4899.6
3208,1636,56603,5,6895.61
3209,1637,47848,1,5651.25
3210,1638,14485,2,754.59
3211,1638,30945,3,3236.25
3212,1639,5005,4,7188.59
3213,1639,35227,4,11855.8
3214,1639,81273,5,2965.63
3215,1640,63257,5,6520.94
3216,1641,61750,3,529.74
3217,1642,15176,3,16427.63
3218,1643,68487,4,12299.68
3219,1643,88360,2,12110.55
3220,1644,34997,5,18452.87
3221,1644,78750,3,11389.58
3222,1644,78091,3,16960.24
3223,1645,87039,3,6490.28
3224,1645,52146,2,16640.38
3225,1646,62675,3,13003.05
3226,1646,93434,2,8190.96
3227,1646,54647,2,3740.53
3228,1647,91689,5,4007.2
3229,1647,13391,4,8220.84
3230,1647,43531,4,6280.3
3231,1648,21373,5,17031.36
3232,1649,11619,3,11435.7
3233,1649,77517,4,12193.94
3234,1650,33102,4,3058.87
3235,1650,91719,2,3492.62
3236,1651,59651,5,18644.4
3237,1651,90657,1,12715.37
3238,1652,86531,2,10533.45
3239,1653,38317,2,15650.79
3240,1653,34464,5,12365.13
3241,1654,29660,1,444.42
3242,1655,62238,3,4659.55
3243,1655,7865,3,371.47
3244,1655,36290,5,5688.94
3245,1656,31378,4,18517.16
3246,1656,83548,3,19676.99
3247,1656,73071,2,493.62
3248,1657,70344,2,990.24
3249,1658,10013,4,16605.91
3250,1658,79532,3,4774.24
3251,1658,17756,3,8341.45
3252,1659,64307,2,5802.09
3253,1659,86497,4,16460.09
3254,1659,30607,4,9717.78
3255,1660,71572,5,5973.78
3256,1661,62675,2,16952.9
3257,1661,90582,1,1003.14
3258,1661,63726,1,18904.33
3259,1662,67086,4,14133.68
3260,1662,64670,2,6562.87
3261,1663,17882,1,7388.71
3262,1664,28294,3,8169.97
3263,1665,99027,1,10384.19
3264,1665,79399,2,18887.2
3265,1666,16924,3,6561.85
3266,1667,41084,1,3125.87
3267,1667,11099,3,1241.05
3268,1667,11786,1,8333.15
3269,1668,66925,3,11759.05
3270,1669,93199,4,12633.98
3271,1670,10408,1,2832.67
3272,1670,40732,2,5911.14
3273,1670,59954,4,18937.54
3274,1671,89786,2,6141.87
3275,1671,32167,4,8378.75
3276,1672,35507,1,8161.7
3277,1672,64399,2,3391.27
3278,1672,88462,2,9999.37
3279,1673,53124,4,2158.16
3280,1674,15424,3,7180.11
3281,1674,4229,5,18091.92
3282,1675,37461,5,3670.19
3283,1675,48256,5,5149.6
3284,1676,10893,3,4707.72
3285,1676,45882,3,10936.66
3286,1677,98383,1,16885.41
3287,1677,90403,2,1259.33
3288,1678,40684,5,13492.92
3289,1678,67658,1,18349.32
3290,1679,91794,3,1244.29
3291,1679,50189,5,16493.1
3292,1680,82587,4,1287.47
3293,1681,34448,2,7955.71
3294,1681,23748,3,14461.29
3295,1681,84773,1,5319.65
3296,1682,32993,5,6293.2
3297,1682,91900,4,15173.01
3298,1682,9669,1,2416.92
3299,1683,22739,4,17679.97
3300,1683,38920,5,2641.94
3301,1683,14711,3,16911.47
3302,1684,47570,5,9254.92
3303,1684,38392,5,5678.7
3304,1685,90109,4,2405.73
3305,1685,44956,5,6667.07
3306,1686,63643,4,16711.52
3307,1687,98285,5,14243.37
3308,1687,50164,1,11893.84
3309,1688,70610,3,15277.59
3310,1688,28904,2,14898.79
3311,1689,93709,2,1072.42
3312,1689,69514,1,52.67
3313,1689,95480,5,4857.18
3314,1690,12701,2,17401.89
3315,1691,33103,1,17689.81
3316,1692,75819,5,4293.71
3317,1692,82267,3,17707.33
3318,1692,51291,4,11141.64
3319,1693,70693,3,7836.05
3320,1693,76436,1,15153.74
3321,1693,178,2,4053.39
3322,1694,11281,5,11385.77
3323,1694,28297,3,13840.38
3324,1695,31444,1,19546.26
3325,1696,69997,4,6009.91
3326,1697,28912,2,6763.92
3327,1698,89202,5,8753.1
3328,1698,60361,4,8410.54
3329,1699,56308,4,8604.71
3330,1700,52294,2,478.47
3331,1700,37330,5,18266.18
3332,1701,56469,1,12659.36
3333,1701,9661,5,3557.62
3334,1701,10469,1,5479.08
3335,1702,60654,4,13424.93
3336,1703,42812,3,18803.51
3337,1704,47074,1,1633.11
3338,1704,11290,3,3934.26
3339,1705,49973,3,2023.32
3340,1706,58699,3,1539.15
3341,1707,48879,3,3063.23
3342,1708,99427,2,8598.32
3343,1709,93239,5,12775.49
3344,1709,61763,5,6294.34
3345,1709,5712,1,8074.53
3346,1710,84800,4,18124.06
3347,1711,94601,2,12893.45
3348,1712,83203,1,181.32
3349,1712,92830,5,4843.51
3350,1712,62971,4,2208.14
3351,1713,82255,5,12262.45
3352,1713,25511,4,14759.29
3353,1714,64387,2,18806.37
3354,1715,36319,3,7461.2
3355,1716,51593,4,5766.79
3356,1717,29020,3,10882.89
3357,1717,42089,4,15872.57
3358,1718,80050,2,17901.71
3359,1718,92795,1,1443.05
3360,1719,84790,3,11108.44
3361,1720,75498,5,10640.25
3362,1720,92518,1,18650.3
3363,1721,4427,2,362.33
3364,1721,84397,4,13516.28
3365,1722,74335,5,139.09
3366,1723,30102,4,9736.82
3367,1723,48008,5,9240.88
3368,1723,59746,1,8131.59
3369,1724,45652,4,11629.57
3370,1724,81532,1,2334.68
3371,1725,1713,2,10625.86
3372,1726,21834,3,5419.73
3373,1727,19277,4,7997.71
3374,1728,21743,2,16657.99
3375,1728,93416,5,11985.25
3376,1728,9347,5,8388.88
3377,1729,6507,4,11396.21
3378,1729,75268,4,18212.82
3379,1730,90974,1,19533.22
3380,1730,35613,3,17940.47
3381,1731,93391,1,1345.96
3382,1731,22444,4,3936.77
3383,1732,73114,4,15789.53
3384,1732,2888,5,3682.79
3385,1733,77750,5,17715.3
3386,1734,89070,3,12817.93
3387,1734,26028,4,18991.87
3388,1735,24586,1,2047.13
3389,1735,57320,1,3093.8
3390,1735,77027,4,5443.4
3391,1736,50338,1,1575.96
3392,1737,83260,4,12427.07
3393,1737,80383,4,13436.32
3394,1738,84216,4,5453.76
3395,1738,66890,2,16429.06
3396,1738,31480,2,9492.22
3397,1739,28938,1,8790.18
3398,1739,18569,4,10923.41
3399,1739,60383,2,102.2
3400,1740,35945,2,16197.91
3401,1740,42573,5,9940.35
3402,1741,51047,5,5606.21
3403,1742,79598,5,17351.74
3404,1742,87199,4,3711.11
3405,1743,61513,4,17793.02
3406,1743,85591,1,17624.81
3407,1743,21088,1,18948.15
3408,1744,60705,1,9676.31
3409,1744,31821,3,18311.12
3410,1744,87079,4,13221.52
3411,1745,63492,4,150.91
3412,1746,96005,2,3380.54
3413,1747,44100,4,15583.53
3414,1748,7929,3,12319.19
3415,1749,24496,4,6245.86
3416,1749,2248,4,11034.65
3417,1750,5026,2,8227.24
3418,1750,2662,5,15864.53
3419,1750,53569,5,6861.46
3420,1751,89900,5,15182.72
3421,1751,87249,4,13106.73
3422,1752,54344,1,6886.19
3423,1752,69965,1,4661.02
3424,1752,88198,2,16881.91
3425,1753,10468,1,19583.11
3426,1754,23691,4,12630.34
3427,1754,60406,5,12574.51
3428,1754,63043,5,15666.74
3429,1755,26628,1,3791.79
3430,1755,65943,1,16850.38
3431,1755,42556,1,1989.4
3432,1756,29710,4,18839.84
3433,1756,29893,4,5470.18
3434,1757,46821,4,6763.34
3435,1758,95214,4,164.86
3436,1758,24770,5,6829.86
3437,1759,75719,4,5324.92
3438,1759,68980,4,13172.46
3439,1760,83633,1,11362.28
3440,1761,15138,3,9074.38
3441,1762,68332,2,5365.37
3442,1763,79385,5,1745.66
3443,1763,67315,3,14046.63
3444,1763,50876,1,16372.86
3445,1764,26034,5,11721.14
3446,1764,90227,1,13806.59
3447,1764,54974,5,3236.46
3448,1765,96096,5,18293.38
3449,1765,55162,2,12471.68
3450,1765,52392,5,19867.12
3451,1766,94255,2,1846.11
3452,1766,64476,2,7100.92
3453,1766,36409,2,5785.95
3454,1767,60336,4,18439.02
3455,1767,58671,5,19290.03
3456,1767,3733,5,873.72
3457,1768,34955,4,11661.03
3458,1769,65770,2,976.04
3459,1770,36300,4,12407.61
3460,1771,12595,5,10629.39
3461,1771,75524,4,7860.8
3462,1771,17690,4,16817.02
3463,1772,42573,3,5033.91
3464,1773,92738,4,9535.18
3465,1774,10930,4,14816.6
3466,1774,14611,2,4853.64
3467,1775,55909,4,15952.22
3468,1775,16648,4,13554.39
3469,1776,58394,2,11055.42
3470,1777,84733,4,12120.76
3471,1778,75287,2,2653.12
3472,1778,39282,1,9016.96
3473,1778,80079,2,19688.57
3474,1779,5743,1,15766.23
3475,1779,40349,1,14019.5
3476,1779,22135,4,3027.31
3477,1780,78234,1,4304.45
3478,1780,82378,2,15303.7
3479,1780,7849,2,8700.12
3480,1781,62130,2,11903.34
3481,1781,93918,2,12100.2
3482,1782,63227,2,2118.15
3483,1782,14930,5,3300.15
3484,1782,53958,4,4005.95
3485,1783,1863,1,9789.5
3486,1784,52169,2,16661.98
3487,1784,18954,4,13163.15
3488,1785,9597,5,10129.06
3489,1785,79464,1,1102.71
3490,1786,43436,5,8301.75
3491,1786,52104,2,10409.09
3492,1787,84937,1,8460.38
3493,1788,50789,5,14562.35
3494,1789,39784,3,8445.68
3495,1789,94738,4,6197.79
3496,1789,34622,4,17454.52
3497,1790,21136,3,12953.07
3498,1790,4279,3,16365.46
3499,1791,30842,1,16923.35
3500,1792,85850,4,5436.17
3501,1793,64337,1,4756.96
3502,1793,23965,2,6466.22
3503,1794,24289,3,3188.82
3504,1795,90768,3,19513.22
3505,1796,34709,3,8066.56
3506,1797,64844,4,17376.81
3507,1797,78895,3,7369.29
3508,1797,50242,5,1751.07
3509,1798,60143,1,7098.61
3510,1799,16196,3,6657.93
3511,1800,11485,3,9427.85
3512,1800,37914,2,1845.08
3513,1801,96668,5,6277.22
3514,1802,39140,2,16006.51
3515,1802,25892,2,6723.58
3516,1803,65763,5,8656.99
3517,1804,70226,5,10998.23
3518,1804,37306,5,5958.14
3519,1804,60968,5,7032.37
3520,1805,35137,4,2550.15
3521,1805,51692,1,2953.24
3522,1805,43238,1,3028.44
3523,1806,72005,1,11909.42
3524,1806,20547,1,8260.17
3525,1807,375,1,11709.27
3526,1807,43039,3,5179.65
3527,1808,89029,2,1655.58
3528,1808,70242,2,16087.24
3529,1808,30464,1,12407.21
3530,1809,84448,3,19793.66
3531,1809,16618,5,19076.87
3532,1809,70732,2,11261.86
3533,1810,53169,1,6667.87
3534,1810,50589,2,19153.07
3535,1811,70867,4,107.83
3536,1811,69757,1,16528.03
3537,1812,78936,4,3647.43
3538,1812,65481,2,19283.33
3539,1813,57507,3,16556.68
3540,1814,88069,1,14593.57
3541,1814,64487,4,1982.52
3542,1814,26696,5,10374.5
3543,1815,61315,4,17189.11
3544,1816,56290,2,15962.53
3545,1817,31518,5,1672.58
3546,1817,73374,4,11623.8
3547,1817,72392,4,6505.32
3548,1818,26930,4,16531.18
3549,1818,80747,5,11068.41
3550,1819,72186,4,7789.48
3551,1819,50856,5,14231.9
3552,1819,73992,5,2911.59
3553,1820,70090,4,9171.74
3554,1820,12332,2,6599.24
3555,1820,71277,2,12430.97
3556,1821,857,5,17135.48
3557,1821,58751,3,9072.48
3558,1821,66033,4,15339.05
3559,1822,41138,4,327.93
3560,1823,11092,5,17432.88
3561,1823,49284,4,14173.11
3562,1824,28941,1,11260.8
3563,1824,89687,1,8917.48
3564,1825,11950,4,16193.23
3565,1826,34999,1,4789.64
3566,1826,74381,2,7044.06
3567,1827,51209,5,10857.84
3568,1827,367,3,5597.43
3569,1827,53901,2,17029.46
3570,1828,38099,1,4517.27
3571,1828,73592,3,12304.48
3572,1828,64455,1,6350.46
3573,1829,83775,2,18493.9
3574,1829,74148,4,14632.17
3575,1830,51419,5,3153.05
3576,1830,49461,2,16481.02
3577,1830,48717,5,6016.55
3578,1831,99909,3,19024.45
3579,1832,28301,3,18840.7
3580,1833,19149,1,8049.33
3581,1834,68198,1,2498.2
3582,1835,66530,4,11400.41
3583,1836,96324,4,13765.71
3584,1837,15881,5,16975.59
3585,1837,28271,3,9010.16
3586,1838,56464,1,12719.34
3587,1838,16186,1,18574.41
3588,1838,66992,3,13012.11
3589,1839,37821,2,3403.15
3590,1839,83881,4,13034.78
3591,1840,4121,2,17932.44
3592,1840,50189,5,18455.76
3593,1840,40703,1,9625.88
3594,1841,75205,3,51.32
3595,1841,40288,5,6221.83
3596,1842,38560,1,6723.27
3597,1843,9468,4,11485.19
3598,1843,74577,2,5161.53
3599,1843,8241,3,7721.98
3600,1844,88357,2,784.84
3601,1844,57368,4,15618.08
3602,1844,90563,4,1266.96
3603,1845,95273,3,12764.25
3604,1846,92374,4,7647.77
3605,1846,60436,3,10244.81
3606,1846,55739,3,13368.89
3607,1847,4244,3,2929.91
3608,1847,28247,4,3641.94
3609,1848,49067,5,7077.17
3610,1848,21125,4,11800.76
3611,1849,30201,2,16946.84
3612,1849,57458,1,15877.1
3613,1850,23496,3,18998.27
3614,1850,24243,2,2562.84
3615,1850,57060,4,17383.61
3616,1851,82834,1,11470.34
3617,1851,12471,2,3407.4
3618,1852,90949,2,17926.4
3619,1852,27870,2,15639.42
3620,1852,63665,5,12626.37
3621,1853,65971,3,4627.9
3622,1854,63431,1,15990.19
3623,1854,52665,5,9762.63
3624,1854,70530,5,19571.69
3625,1855,73291,2,8286.72
3626,1855,36992,4,2146.2
3627,1855,97857,3,19804.89
3628,1856,70654,2,10295.84
3629,1856,14642,1,2593.38
3630,1856,39606,5,12548.79
3631,1857,38096,4,9898.06
3632,1857,72220,3,6466.23
3633,1858,58453,5,5689.03
3634,1858,87279,2,13929.57
3635,1859,85355,1,1718.27
3636,1860,90201,3,6542.67
3637,1860,41573,1,11668.6
3638,1860,9645,2,10251.28
3639,1861,6008,5,12701.06
3640,1862,52821,2,12695.18
3641,1862,35170,1,12238.96
3642,1862,43093,4,11890.86
3643,1863,43435,4,1298.78
3644,1863,77462,3,11335.18
3645,1864,24863,4,19426.31
3646,1864,81927,2,10019.28
3647,1865,53196,5,13395.97
3648,1865,1687,1,19656.2
3649,1865,98842,4,17302.66
3650,1866,6976,4,1479.32
3651,1866,6236,4,16172.33
3652,1867,43072,4,14791.34
3653,1867,96764,3,11655.49
3654,1867,8391,2,15513.39
3655,1868,67547,5,8685.53
3656,1868,62926,3,18877.06
3657,1868,13309,5,14388.95
3658,1869,85990,3,112.79
3659,1869,17276,3,7322.05
3660,1870,7816,2,12220.08
3661,1870,15600,1,11655.72
3662,1871,6576,1,533.52
3663,1872,84008,4,12488.16
3664,1873,49694,2,1997.87
3665,1873,18455,4,6773.48
3666,1873,3915,4,1070.63
3667,1874,42262,1,4539.99
3668,1874,46791,1,2713.04
3669,1874,82644,3,15526.72
3670,1875,67206,1,7728.69
3671,1875,46325,4,11659.48
3672,1875,77276,3,13102.09
3673,1876,61393,2,5203.85
3674,1876,66120,2,2328.14
3675,1876,69608,1,18132.6
3676,1877,55587,5,14770.56
3677,1877,44290,3,11870.46
3678,1877,27399,5,13197.17
3679,1878,12870,2,2785.53
3680,1879,14110,2,222.4
3681,1880,20677,4,794.43
3682,1881,27306,4,8893.2
3683,1881,39477,5,13802.59
3684,1881,29626,3,7150.25
3685,1882,15532,5,18647.35
3686,1882,68524,4,8582.45
3687,1882,28404,3,15525.29
3688,1883,39065,4,10558.65
3689,1884,47352,2,3895.23
3690,1884,93900,3,2654.97
3691,1885,99259,2,6647.14
3692,1886,78706,2,15651.58
3693,1886,63241,1,725.65
3694,1887,79113,3,6326.22
3695,1887,61874,3,11493.99
3696,1887,96183,4,14713.65
3697,1888,50298,2,8609.57
3698,1888,4702,2,2830.09
3699,1888,60023,5,9998.0
3700,1889,46191,5,12640.9
3701,1889,59898,4,11400.61
3702,1890,11048,3,9137.54
3703,1890,97113,2,19253.73
3704,1891,68593,3,2627.51
3705,1891,77976,1,472.45
3706,1891,64793,4,7558.15
3707,1892,19811,5,17641.93
3708,1892,17494,5,11283.13
3709,1893,27187,5,12686.34
3710,1893,88307,1,5865.45
3711,1893,80646,3,19093.26
3712,1894,29067,5,18205.18
3713,1894,6496,2,1913.85
3714,1894,60709,3,5391.31
3715,1895,61544,2,15283.0
3716,1895,22270,5,6148.13
3717,1896,36710,1,2112.02
3718,1896,71587,3,14605.15
3719,1897,26365,4,9266.25
3720,1897,23902,4,13598.55
3721,1898,73251,3,7540.52
3722,1899,88103,3,15716.69
3723,1899,85021,4,18756.78
3724,1900,45081,2,7923.94
3725,1900,40940,2,1938.77
3726,1900,41669,1,2744.23
3727,1901,85189,4,8773.49
3728,1901,10788,5,2270.56
3729,1901,15637,2,16996.68
3730,1902,10748,4,14491.78
3731,1903,24065,1,9317.28
3732,1904,16676,4,12089.59
3733,1904,50466,5,266.03
3734,1905,19491,1,5409.05
3735,1905,28911,4,16588.59
3736,1906,78010,5,3857.55
3737,1906,63493,3,7775.28
3738,1907,62536,5,2874.59
3739,1907,56535,3,8224.27
3740,1908,89355,1,6969.67
3741,1908,52154,4,15595.05
3742,1908,13186,5,3422.82
3743,1909,37127,1,5922.98
3744,1909,12603,4,7564.09
3745,1910,88097,1,16854.13
3746,1910,95765,1,14355.89
3747,1910,45180,1,1145.77
3748,1911,77251,2,941.23
3749,1911,96052,4,575.57
3750,1912,28516,2,14556.39
3751,1912,50587,5,4309.73
3752,1912,35661,2,8223.16
3753,1913,97184,1,2429.25
3754,1913,49873,3,17259.89
3755,1914,19817,5,7041.32
3756,1914,78251,5,8464.28
3757,1915,9727,2,10648.76
3758,1915,84943,4,3657.93
3759,1916,21870,3,5043.09
3760,1916,41581,4,17484.82
3761,1916,50664,3,3839.09
3762,1917,34207,2,5165.8
3763,1917,6477,4,6097.58
3764,1918,50008,3,1469.29
3765,1919,52241,2,2118.0
3766,1920,12446,4,11727.0
3767,1920,89812,5,12408.48
3768,1920,47467,5,7075.96
3769,1921,94378,3,9905.03
3770,1922,54214,2,17544.21
3771,1922,57440,4,12863.71
3772,1923,39484,5,15086.32
3773,1924,58231,2,19925.84
3774,1924,44620,5,11026.11
3775,1925,67151,4,13754.61
3776,1925,83941,3,14873.97
3777,1925,99179,4,5488.27
3778,1926,600,2,7502.73
3779,1927,99156,1,7732.61
3780,1927,12030,1,15303.83
3781,1927,91824,1,1489.74
3782,1928,67472,1,6559.21
3783,1929,12256,5,10345.47
3784,1930,77541,4,1873.84
3785,1930,37175,2,17717.61
3786,1930,14081,2,5390.06
3787,1931,25389,4,18317.74
3788,1931,8815,2,14142.51
3789,1932,71909,2,18328.19
3790,1932,51700,1,5528.74
3791,1932,63044,5,8534.2
3792,1933,98973,4,3183.87
3793,1933,28598,4,13305.44
3794,1934,18635,3,17654.99
3795,1934,85339,2,1981.77
3796,1934,35495,2,14535.41
3797,1935,31224,2,3642.81
3798,1936,19497,3,4734.76
3799,1936,63982,1,3181.66
3800,1936,11231,5,2685.56
3801,1937,66034,4,11589.21
3802,1937,43262,1,13138.92
3803,1938,40021,3,19966.85
3804,1938,43654,4,15855.09
3805,1939,32751,4,2441.94
3806,1940,39619,1,9754.93
3807,1940,58742,5,18486.18
3808,1940,94456,1,13875.61
3809,1941,52741,4,3284.78
3810,1941,66422,4,17396.72
3811,1942,79141,2,19125.33
3812,1942,54508,4,16263.6
3813,1943,47630,3,3534.37
3814,1943,30352,2,18896.8
3815,1943,8867,5,13910.59
3816,1944,40160,4,2455.93
3817,1944,19946,3,8087.42
3818,1945,55244,3,2036.35
3819,1945,35624,4,16728.32
3820,1945,13731,2,9578.61
3821,1946,32685,5,6746.67
3822,1946,22476,3,10703.26
3823,1947,55847,2,7555.73
3824,1947,39398,1,3197.98
3825,1947,96190,3,3232.82
3826,1948,35226,5,6617.13
3827,1949,64427,4,14531.23
3828,1950,62857,3,15063.72
3829,1950,13552,4,18069.21
3830,1951,30108,4,13550.32
3831,1952,28727,3,1645.66
3832,1953,82788,4,12984.06
3833,1953,82673,4,5103.65
3834,1953,70697,5,1872.25
3835,1954,725,5,16576.21
3836,1954,37511,5,11557.21
3837,1954,95759,2,19961.61
3838,1955,6284,1,8258.18
3839,1955,56426,1,1581.64
3840,1955,58286,3,1093.57
3841,1956,44852,3,4489.82
3842,1957,5818,4,15147.95
3843,1957,67304,1,14582.98
3844,1957,22210,4,5549.96
3845,1958,78975,2,12029.97
3846,1958,27980,3,14951.16
3847,1959,53199,1,11721.16
3848,1959,21926,4,8951.11
3849,1960,63365,4,6807.81
3850,1960,7690,1,11508.33
3851,1960,22070,4,1996.55
3852,1961,51125,3,16360.36
3853,1962,67411,3,4562.01
3854,1962,83214,5,1309.14
3855,1962,53604,5,9729.34
3856,1963,22450,4,642.33
3857,1963,26020,4,3445.47
3858,1963,83532,1,13360.56
3859,1964,26838,1,11818.72
3860,1965,71863,1,17318.03
3861,1966,35014,2,2807.62
3862,1966,46863,2,176.27
3863,1967,27418,3,15758.66
3864,1968,54128,5,10517.56
3865,1968,38462,4,15847.92
3866,1969,67159,3,15017.09
3867,1970,11043,5,2169.78
3868,1971,77200,5,11032.5
3869,1972,74281,4,14224.7
3870,1973,89143,2,721.33
3871,1974,90910,2,4583.81
3872,1974,7465,2,8531.93
3873,1975,51556,1,9338.65
3874,1976,69215,2,18694.64
3875,1976,62034,3,18884.65
3876,1976,59515,5,15953.57
3877,1977,57002,2,11357.93
3878,1977,25944,2,2730.98
3879,1978,3970,4,4977.08
3880,1978,55242,3,15160.58
3881,1979,32071,1,3438.86
3882,1979,61876,4,1493.3
3883,1979,85956,5,2093.23
3884,1980,28471,5,12969.4
3885,1980,15140,3,2907.05
3886,1981,82387,2,9003.85
3887,1981,85159,4,3595.14
3888,1981,85697,1,14792.35
3889,1982,90796,2,17816.84
3890,1983,74166,1,12779.54
3891,1984,59568,3,7890.68
3892,1985,37076,4,13069.74
3893,1986,90867,3,13249.72
3894,1986,66109,1,11022.73
3895,1987,71113,4,1227.91
3896,1987,72531,2,189.69
3897,1987,56499,2,4337.38
3898,1988,41785,1,13791.85
3899,1989,91418,3,3146.64
3900,1989,67458,3,5009.95
3901,1990,11481,5,8258.74
3902,1990,38338,2,1379.63
3903,1991,72593,1,10278.19
3904,1991,61961,4,11958.88
3905,1992,58955,3,1304.73
3906,1992,10695,1,7883.81
3907,1992,74764,3,12048.12
3908,1993,12530,3,6345.29
3909,1993,8620,2,11063.02
3910,1993,46247,5,7285.54
3911,1994,63342,5,3887.59
3912,1994,79377,1,5615.72
3913,1995,25398,4,16007.91
3914,1996,6053,3,625.33
3915,1997,40984,2,13907.46
3916,1997,63785,3,2258.9
3917,1997,70392,4,187.89
3918,1998,46885,3,3292.65
3919,1999,19905,1,1335.69
3920,1999,23289,2,4218.69
3921,2000,84844,3,327.15
3922,2000,27140,1,8045.96
3923,2000,17267,3,485.97
