order_id,customer_id,order_date
1,882,2025-02-11 15:09:03.822301
2,46,2024-11-10 09:17:54.919892
3,707,2025-03-26 01:48:59.059750
4,879,2025-06-25 13:30:42.458643
5,864,2025-08-17 05:16:52.313792
6,915,2025-09-14 11:16:40.726888
7,363,2025-08-15 07:12:23.802053
8,370,2024-11-02 06:22:43.436578
9,582,2025-02-23 15:02:44.997592
10,285,2025-04-08 00:08:05.770290
11,674,2024-10-22 18:46:14.027257
12,437,2025-06-19 18:17:33.544549
13,436,2025-05-11 19:05:49.888533
14,611,2024-11-16 03:35:43.829458
15,109,2025-04-23 01:57:54.708199
16,653,2025-03-25 18:36:10.184095
17,108,2025-04-16 02:41:53.446866
18,289,2024-12-29 07:44:13.099798
19,415,2025-05-30 06:50:01.085577
20,741,2024-11-23 05:57:42.961264
21,266,2025-05-03 04:13:13.173206
22,144,2024-10-31 07:43:22.955173
23,189,2025-05-29 16:50:18.020468
24,410,2025-02-24 15:16:40.019065
25,872,2025-02-24 15:17:24.189101
26,172,2025-05-18 10:21:58.713049
27,617,2025-02-15 23:29:55.966176
28,333,2025-06-28 03:27:42.321771
29,464,2025-10-10 01:42:40.259434
30,990,2024-12-17 02:45:07.125224
31,126,2025-06-28 04:51:05.387736
32,800,2024-11-23 18:08:16.973011
33,738,2025-01-20 17:02:02.750595
34,988,2025-01-11 15:06:15.136231
35,111,2025-02-13 09:45:07.039048
36,64,2024-11-04 07:52:07.701081
37,63,2025-09-25 13:45:01.065972
38,975,2025-08-09 01:40:44.297541
39,216,2025-03-27 09:53:04.622482
40,833,2025-07-17 08:03:10.149778
41,867,2025-08-24 00:55:12.290678
42,100,2024-12-30 16:45:47.160922
43,833,2025-09-27 08:12:54.699814
44,136,2025-07-13 20:31:51.451050
45,27,2025-07-23 03:04:26.474501
46,376,2025-07-19 00:13:47.135930
47,580,2025-05-27 01:55:18.181373
48,326,2025-06-11 22:08:16.241437
49,213,2025-01-05 14:24:24.215241
50,342,2025-05-13 00:58:19.344466
51,995,2025-07-23 20:43:29.993413
52,196,2025-08-10 21:20:42.465914
53,557,2025-09-08 22:32:30.589858
54,765,2025-10-05 09:39:32.457478
55,453,2024-11-05 14:20:48.240253
56,599,2025-10-01 05:06:12.185617
57,207,2024-11-09 17:21:37.678339
58,949,2025-04-16 11:08:41.756967
59,237,2025-05-16 04:52:52.838261
60,668,2025-06-14 13:07:29.101923
61,608,2025-05-10 16:51:44.413161
62,784,2024-12-01 13:00:43.969089
63,922,2025-03-21 05:43:56.034615
64,9,2025-04-26 16:33:13.277908
65,785,2024-11-07 14:05:38.589667
66,916,2024-11-05 08:10:06.829667
67,951,2025-10-18 12:23:01.076391
68,917,2025-07-20 09:22:01.740383
69,436,2025-03-03 04:34:50.551589
70,105,2024-11-15 00:09:00.897897
71,510,2025-09-12 03:42:10.493925
72,248,2024-12-02 02:55:05.249428
73,269,2025-09-05 18:47:59.668923
74,206,2025-05-01 00:14:53.244399
75,429,2025-02-03 21:18:14.658918
76,350,2025-06-07 01:10:20.956268
77,958,2025-01-15 20:56:34.025916
78,433,2025-02-21 10:32:19.209163
79,45,2025-02-16 12:52:04.627579
80,19,2025-04-16 22:40:21.275113
81,941,2025-05-11 06:44:49.355607
82,414,2025-06-15 09:20:38.440583
83,604,2025-04-06 08:21:36.402737
84,932,2025-08-31 01:37:08.014754
85,916,2024-11-10 10:39:24.803493
86,396,2025-08-11 07:21:51.134712
87,370,2025-10-10 19:37:20.553183
88,603,2025-01-29 03:04:00.008727
89,402,2025-02-06 08:58:03.237825
90,653,2025-06-15 08:02:45.860432
91,398,2025-03-21 09:04:09.184338
92,65,2024-12-28 04:54:20.269220
93,758,2025-07-02 06:08:51.698235
94,619,2025-06-14 10:39:57.475730
95,127,2025-04-28 17:09:59.914117
96,403,2025-08-02 17:13:30.118410
97,683,2025-05-17 14:59:10.290524
98,250,2025-02-17 04:23:37.160271
99,929,2025-10-15 08:30:15.892384
100,476,2025-01-27 00:42:13.961065
101,912,2025-06-21 12:33:43.795373
102,806,2025-09-14 09:58:25.467237
103,961,2024-12-16 22:57:32.400415
104,747,2025-09-19 10:44:30.858914
105,886,2025-05-29 06:27:19.616971
106,597,2025-05-09 03:01:47.063891
107,250,2025-04-08 02:37:09.299987
108,575,2025-03-12 23:05:34.950572
109,992,2025-05-13 20:11:11.128905
110,708,2025-03-23 16:51:56.932341
111,251,2025-10-03 05:51:02.609465
112,75,2025-08-28 18:38:08.487117
113,727,2025-05-11 18:58:50.781631
114,761,2025-03-09 13:39:57.523451
115,295,2025-01-11 09:10:27.506821
116,374,2025-01-16 08:13:32.524693
117,460,2025-09-20 13:54:51.101627
118,949,2025-07-31 18:39:47.588042
119,606,2025-06-23 23:03:07.973135
120,908,2025-03-17 09:22:32.279608
121,449,2025-08-19 15:55:11.980785
122,447,2025-03-23 13:31:03.425685
123,805,2024-10-27 19:48:14.402092
124,903,2024-12-24 22:33:14.767867
125,526,2025-09-25 21:42:14.181798
126,98,2025-08-09 12:29:54.635268
127,185,2025-03-11 03:06:28.462295
128,504,2025-02-02 12:53:29.337760
129,986,2025-05-30 01:57:33.828958
130,701,2025-05-03 00:53:48.753490
131,65,2025-02-19 00:54:27.404679
132,802,2025-05-09 17:53:42.785156
133,862,2025-04-13 00:31:31.894245
134,337,2025-05-17 18:10:33.997555
135,370,2025-04-16 05:57:48.091125
136,355,2025-01-31 05:48:20.693949
137,316,2024-12-23 19:23:17.808717
138,833,2025-08-11 19:17:06.109066
139,188,2024-11-14 17:16:07.800074
140,202,2025-01-21 06:31:01.334210
141,104,2025-02-27 00:20:50.474919
142,160,2024-11-09 03:48:52.181977
143,738,2025-01-10 22:31:12.452175
144,251,2025-02-08 18:30:05.920474
145,747,2025-04-12 17:27:42.627306
146,829,2024-11-17 02:33:50.990959
147,711,2025-01-08 21:32:22.059056
148,740,2025-02-18 02:40:34.151207
149,522,2025-04-03 02:14:54.371970
150,705,2024-11-16 20:31:28.217384
151,635,2024-11-30 07:32:43.513359
152,834,2025-09-16 11:50:12.550341
153,910,2025-08-29 06:10:49.627904
154,103,2025-07-25 18:11:46.771257
155,379,2025-03-02 19:08:56.642185
156,985,2025-07-21 16:44:30.663251
157,23,2025-08-16 04:55:45.409624
158,279,2025-01-30 11:14:56.573918
159,848,2025-01-01 01:59:18.608776
160,62,2025-05-09 02:02:53.078325
161,624,2025-06-06 13:23:01.803804
162,267,2025-07-07 18:03:29.451727
163,54,2025-01-22 13:00:07.754360
164,415,2025-08-30 05:45:51.015004
165,594,2025-08-26 07:45:39.024702
166,787,2025-08-30 09:29:41.299657
167,4,2025-05-26 03:39:27.776308
168,39,2025-05-28 04:44:20.974516
169,811,2025-06-20 05:47:47.889219
170,554,2025-04-22 03:34:37.988157
171,265,2024-10-27 18:52:04.827623
172,937,2024-11-29 11:28:34.854442
173,132,2025-01-15 22:16:06.048048
174,4,2024-10-24 20:11:27.701417
175,235,2025-09-16 04:26:17.136923
176,268,2025-07-16 06:56:18.090247
177,96,2025-03-26 03:19:45.791297
178,105,2024-11-06 18:33:36.380587
179,852,2025-08-13 05:45:43.148451
180,203,2025-03-18 12:45:48.195872
181,861,2025-09-21 12:11:21.012659
182,921,2025-01-31 16:10:59.851289
183,685,2025-02-09 12:06:57.917438
184,181,2025-02-25 18:51:08.592358
185,389,2024-12-26 11:44:26.628028
186,941,2025-05-12 05:05:39.363589
187,49,2025-01-02 06:55:02.004388
188,975,2024-12-27 15:27:03.486475
189,685,2025-03-12 19:52:29.227117
190,827,2025-06-23 16:58:53.623630
191,196,2025-02-26 13:34:50.594154
192,599,2024-11-01 10:22:24.553951
193,217,2024-10-22 23:24:02.684369
194,927,2025-02-12 02:46:39.019085
195,369,2025-08-08 23:49:59.473834
196,878,2025-09-06 01:29:03.459535
197,710,2025-09-29 21:07:04.194194
198,673,2024-11-16 14:07:53.480744
199,351,2025-09-23 06:28:29.687923
200,360,2024-11-23 17:16:19.013061
201,848,2025-05-05 10:16:01.538102
202,271,2024-11-20 13:47:41.964147
203,593,2025-03-07 16:55:57.981188
204,485,2025-10-07 09:06:06.648893
205,825,2024-11-13 13:00:32.088723
206,270,2025-07-24 20:27:56.469515
207,717,2025-09-01 12:23:27.875925
208,441,2025-03-31 23:21:18.831394
209,299,2025-03-12 00:43:24.659981
210,68,2025-09-26 04:12:05.707462
211,301,2024-11-25 07:19:55.351223
212,408,2025-06-20 20:59:04.762772
213,898,2024-11-18 21:54:24.501465
214,197,2025-09-07 05:48:32.571888
215,591,2025-08-01 02:27:09.525296
216,330,2025-03-29 05:06:02.656505
217,589,2025-03-18 06:16:23.247323
218,255,2025-07-10 22:57:11.442098
219,391,2025-01-29 22:50:44.996362
220,222,2025-07-22 10:29:27.175476
221,913,2025-10-18 19:21:50.461447
222,699,2025-10-08 07:12:44.944787
223,169,2025-02-05 16:32:38.107389
224,222,2024-12-27 19:18:53.350522
225,752,2025-07-30 07:43:17.563717
226,55,2025-05-14 02:50:32.192504
227,792,2024-10-23 06:21:48.015815
228,811,2025-06-10 11:03:02.471651
229,984,2025-08-09 08:09:13.513374
230,11,2024-11-26 04:16:46.331088
231,989,2025-09-09 19:28:46.352959
232,58,2025-04-18 23:20:51.162929
233,294,2025-07-21 16:18:44.768486
234,201,2025-09-04 10:08:22.264905
235,944,2024-12-31 16:37:26.650060
236,48,2025-08-13 23:00:53.420078
237,495,2025-09-18 07:21:20.792697
238,406,2024-12-31 00:47:35.683045
239,136,2025-06-12 09:15:19.437389
240,338,2025-08-06 02:19:26.432511
241,381,2025-07-20 11:52:47.012417
242,204,2025-10-17 11:25:09.327497
243,761,2025-09-01 15:23:58.850502
244,505,2025-09-22 18:27:39.682434
245,152,2025-07-14 04:28:16.061525
246,724,2025-02-06 20:30:16.945523
247,402,2024-12-29 18:28:56.840040
248,354,2024-12-10 16:04:40.963853
249,140,2025-08-13 23:49:31.457858
250,819,2025-08-05 18:07:50.156947
251,270,2024-11-10 15:26:34.968749
252,893,2025-08-01 02:38:24.861549
253,280,2025-01-13 21:00:21.177786
254,185,2025-10-20 16:38:18.341995
255,212,2025-06-17 20:12:59.719297
256,617,2025-07-31 21:44:56.245926
257,842,2025-07-26 12:11:31.657434
258,821,2025-03-25 06:14:08.410304
259,230,2024-10-28 18:21:47.988283
260,73,2025-04-14 14:50:00.063304
261,588,2025-01-17 06:14:17.522587
262,857,2025-06-06 00:19:07.379534
263,320,2025-10-11 01:10:34.629432
264,211,2025-04-30 22:53:53.278392
265,68,2025-05-03 13:14:46.902840
266,715,2025-05-09 19:15:41.651776
267,907,2025-05-03 04:12:50.275810
268,376,2025-07-19 11:24:08.630856
269,742,2025-01-10 20:25:46.463477
270,588,2025-10-03 00:29:19.350972
271,947,2024-10-22 00:34:07.314480
272,818,2025-10-02 13:19:33.790712
273,388,2025-06-01 04:11:54.422062
274,572,2024-12-10 12:33:16.972370
275,423,2025-07-23 17:39:22.631474
276,898,2025-09-17 09:32:50.945326
277,121,2025-07-27 21:14:48.963761
278,535,2025-06-05 00:56:22.670751
279,521,2025-08-27 11:48:21.783178
280,957,2025-05-05 21:11:12.228317
281,366,2025-09-25 01:32:59.756211
282,889,2025-09-17 07:08:11.893748
283,53,2025-09-26 23:22:31.654824
284,611,2024-11-01 22:23:10.887844
285,976,2025-01-17 12:25:44.328598
286,417,2025-04-30 08:01:26.144254
287,964,2025-06-09 10:17:28.435173
288,4,2025-05-15 23:34:48.827548
289,148,2025-08-11 16:16:32.412931
290,283,2025-05-09 12:40:11.362617
291,78,2024-11-16 14:37:10.035100
292,298,2025-01-29 22:43:05.588790
293,680,2024-12-19 00:01:26.325727
294,45,2025-08-11 00:58:34.981080
295,541,2025-01-16 22:54:53.451616
296,286,2025-10-13 03:28:00.122225
297,778,2025-07-14 01:52:46.675982
298,46,2025-06-22 12:13:56.866382
299,919,2025-09-28 08:29:00.901617
300,867,2024-12-28 10:24:17.784275
301,575,2025-01-05 10:18:58.355052
302,685,2025-01-09 04:58:18.734442
303,577,2024-11-05 17:39:32.094583
304,700,2025-04-16 07:38:14.426858
305,252,2025-04-11 04:46:10.244428
306,791,2024-10-31 12:23:40.471478
307,948,2025-05-04 01:22:12.266513
308,33,2024-12-07 12:49:55.272525
309,483,2025-03-23 20:50:43.064123
310,782,2025-09-11 09:13:16.787525
311,16,2024-12-07 01:27:18.254457
312,431,2025-01-26 02:54:26.555990
313,125,2025-08-04 21:57:36.489475
314,34,2025-08-05 12:57:11.422855
315,171,2025-03-27 03:32:24.040550
316,897,2025-06-08 02:46:48.069982
317,203,2025-04-25 05:16:07.574221
318,743,2025-08-21 22:24:30.012512
319,53,2025-07-28 03:58:14.513072
320,73,2025-09-09 20:31:02.130490
321,498,2025-04-04 00:57:56.187908
322,603,2025-03-02 14:54:08.720122
323,706,2025-01-03 23:45:19.301884
324,482,2025-07-26 12:05:19.724006
325,58,2024-12-21 18:41:47.130320
326,616,2025-05-31 13:51:45.997527
327,982,2025-03-13 00:03:35.121252
328,966,2024-11-06 18:08:18.495589
329,200,2024-12-15 11:47:22.890996
330,932,2024-11-09 21:05:34.851434
331,334,2025-01-30 19:15:22.170940
332,927,2025-08-23 06:03:02.101116
333,479,2025-05-11 12:20:10.385017
334,359,2025-07-25 21:31:29.727255
335,570,2025-04-30 01:25:27.662953
336,146,2025-07-26 02:14:49.452461
337,287,2025-04-22 15:41:06.256295
338,596,2025-05-03 14:35:35.291814
339,107,2025-06-11 21:03:16.321339
340,493,2024-12-25 16:04:20.839169
341,737,2024-10-25 08:57:20.064938
342,620,2025-09-15 17:17:37.286311
343,692,2025-05-09 08:57:34.494614
344,307,2025-08-04 00:33:31.435266
345,11,2025-09-21 09:32:56.135777
346,928,2025-09-01 09:19:12.348423
347,153,2024-11-14 01:58:53.869572
348,373,2024-10-27 12:39:31.789085
349,592,2025-02-23 08:18:33.380057
350,680,2025-05-30 09:10:11.706523
351,547,2025-10-07 20:20:14.652909
352,892,2025-10-16 20:19:02.899819
353,649,2024-12-19 10:30:43.456630
354,171,2024-12-10 11:59:51.506472
355,742,2025-01-15 20:18:47.689878
356,286,2025-02-06 14:14:07.177626
357,623,2025-06-09 02:39:13.021447
358,281,2025-02-01 19:09:51.975932
359,401,2024-12-04 03:53:13.212748
360,630,2025-06-18 11:17:39.564737
361,311,2025-01-15 22:23:40.358561
362,17,2025-07-16 14:08:31.205102
363,470,2025-01-11 09:44:41.792607
364,993,2025-10-06 02:25:52.924812
365,888,2025-05-08 05:45:34.132029
366,329,2025-03-07 12:33:20.788548
367,433,2024-11-27 21:20:09.415501
368,858,2025-09-03 17:35:46.108676
369,577,2025-05-13 02:47:49.175167
370,1000,2025-08-15 20:42:23.478534
371,803,2025-01-22 07:50:53.894273
372,441,2025-09-18 05:34:06.541954
373,601,2025-05-05 12:25:16.678762
374,602,2025-09-27 02:31:11.275845
375,481,2025-06-16 10:19:34.233148
376,874,2025-02-23 09:13:37.604060
377,71,2025-03-23 21:57:45.215076
378,469,2025-06-18 21:59:48.285698
379,16,2025-07-10 20:15:20.053877
380,103,2024-11-08 13:32:01.445885
381,618,2025-05-05 07:28:50.320944
382,470,2024-12-08 20:22:53.561025
383,456,2025-10-11 19:18:30.112356
384,940,2024-10-27 16:07:54.702615
385,379,2025-09-17 18:18:28.136598
386,573,2025-10-11 02:32:02.183421
387,144,2025-06-02 07:15:01.366889
388,117,2025-01-10 02:56:04.875114
389,366,2025-01-30 20:20:02.662441
390,410,2025-09-17 06:47:01.055444
391,981,2025-10-09 14:06:43.486375
392,473,2025-10-14 11:25:28.830389
393,554,2024-11-18 05:32:49.206771
394,718,2024-10-30 00:32:31.029132
395,73,2025-06-26 20:30:18.737221
396,49,2025-08-10 20:48:42.383898
397,217,2025-02-15 06:46:02.280721
398,832,2025-05-30 23:48:51.542715
399,500,2025-10-08 22:58:18.233870
400,3,2025-03-21 14:02:34.497794
401,517,2025-04-15 13:24:22.361677
402,982,2025-09-13 07:46:41.968714
403,679,2025-04-28 08:41:14.869384
404,954,2025-01-28 19:46:05.678856
405,657,2025-10-16 04:28:06.000341
406,583,2025-07-05 23:07:45.060287
407,678,2025-02-15 06:13:36.500532
408,30,2025-04-18 11:24:53.544411
409,774,2025-04-16 19:09:11.924441
410,945,2025-10-11 18:39:24.312078
411,422,2025-07-19 10:21:53.828432
412,215,2025-03-31 00:20:37.633266
413,736,2025-07-29 06:26:42.368821
414,466,2024-11-30 06:50:48.249947
415,760,2025-03-23 08:04:40.093138
416,799,2025-08-09 15:08:43.984929
417,731,2025-07-15 22:53:32.479606
418,668,2024-11-17 12:18:27.480572
419,265,2025-04-07 08:14:11.150507
420,441,2024-10-31 16:15:35.400272
421,999,2025-10-14 23:13:49.701497
422,385,2025-07-20 00:08:50.562902
423,329,2025-03-28 04:23:40.924595
424,160,2025-01-11 06:12:30.391851
425,125,2025-09-18 23:02:26.981949
426,748,2025-03-26 20:16:14.614601
427,866,2025-07-08 22:38:15.214650
428,492,2025-06-18 15:53:02.023172
429,706,2025-03-11 23:53:39.660731
430,931,2025-07-17 14:10:23.268499
431,891,2024-12-09 03:33:42.314515
432,908,2024-11-20 20:33:15.624533
433,41,2025-06-28 12:31:21.743335
434,736,2025-10-16 21:29:21.211790
435,623,2025-08-06 12:49:10.354129
436,542,2025-05-14 04:36:37.783783
437,804,2025-09-11 12:21:54.841406
438,9,2024-12-18 17:48:39.553908
439,518,2025-04-27 05:24:12.149677
440,692,2025-05-21 16:31:12.823144
441,594,2024-11-11 06:41:43.550676
442,81,2025-02-09 10:15:24.512953
443,884,2024-12-06 09:53:23.714352
444,173,2025-05-13 10:51:57.216231
445,565,2025-02-25 07:06:44.836472
446,145,2025-10-10 09:20:16.042428
447,258,2024-11-29 14:57:38.517077
448,82,2024-11-18 17:45:36.187805
449,541,2024-11-08 18:38:51.895229
450,974,2025-01-06 07:24:04.605743
451,292,2025-07-04 22:05:56.887749
452,465,2025-06-12 18:44:51.581723
453,27,2025-09-29 20:33:37.259848
454,336,2025-02-27 07:47:04.183352
455,268,2025-07-27 18:31:02.229216
456,563,2024-10-22 15:00:02.383312
457,571,2024-11-28 09:00:09.856388
458,586,2025-10-11 18:39:45.274880
459,570,2025-08-17 22:32:08.712571
460,530,2025-04-12 10:57:46.823533
461,546,2024-11-08 21:29:03.402287
462,262,2025-03-25 14:31:16.347543
463,371,2025-07-01 01:49:21.242002
464,271,2024-11-11 05:05:50.575800
465,907,2025-07-17 01:29:30.413083
466,499,2025-04-13 00:50:59.850975
467,584,2024-11-10 22:02:23.992713
468,76,2025-03-17 20:45:27.995177
469,61,2025-03-17 14:30:38.915133
470,872,2024-12-24 10:48:49.153799
471,698,2024-12-19 14:25:42.734325
472,200,2025-04-09 23:50:16.126953
473,903,2025-01-21 23:44:22.293951
474,640,2025-05-06 20:35:53.524920
475,542,2025-02-19 20:03:11.408229
476,916,2025-01-21 05:40:10.691288
477,598,2025-10-01 04:29:21.406032
478,167,2025-02-22 13:25:34.691791
479,65,2025-02-19 19:33:00.535664
480,872,2025-09-09 07:53:07.976949
481,38,2024-12-23 12:56:20.331454
482,550,2025-04-04 06:13:22.522686
483,90,2025-01-31 07:17:48.679954
484,534,2025-02-21 22:28:41.153342
485,860,2025-01-02 03:09:27.607746
486,236,2024-11-26 07:14:27.812766
487,781,2025-09-26 14:25:03.584986
488,116,2025-08-13 08:22:14.508580
489,86,2025-08-04 13:03:21.252569
490,520,2025-04-10 12:53:25.874599
491,413,2025-07-12 14:52:58.380532
492,671,2024-12-24 00:30:43.195635
493,61,2025-09-17 02:08:34.141605
494,174,2025-03-29 22:33:21.428382
495,206,2024-10-31 10:51:32.349383
496,93,2025-08-03 16:03:20.214862
497,699,2025-04-11 17:09:31.263579
498,256,2025-07-21 20:01:59.894737
499,400,2025-06-29 14:50:40.522043
500,804,2025-09-13 08:08:04.236518
501,92,2024-12-26 04:56:34.306126
502,557,2025-08-27 05:28:08.199987
503,459,2025-08-24 08:21:32.063327
504,113,2025-08-31 23:12:15.325827
505,546,2025-04-30 11:38:31.161111
506,810,2025-08-30 09:24:00.680688
507,209,2025-10-18 21:30:54.310993
508,972,2025-01-14 16:51:15.640723
509,380,2024-12-12 18:09:56.421191
510,962,2025-03-16 11:18:12.928480
511,944,2025-08-18 11:30:33.800931
512,541,2025-03-17 04:17:53.832978
513,917,2025-10-17 19:41:01.773198
514,698,2025-01-19 17:21:41.020082
515,601,2025-02-18 08:48:22.071717
516,539,2025-03-21 01:31:16.283840
517,80,2025-03-26 20:35:12.061511
518,61,2025-01-28 00:58:01.149458
519,734,2025-09-06 11:29:41.701575
520,662,2025-08-17 14:47:00.622354
521,56,2025-03-07 06:49:09.589352
522,565,2025-02-18 01:17:56.610024
523,58,2025-03-15 23:42:45.341380
524,46,2025-03-01 04:33:15.369950
525,366,2024-10-22 23:25:59.114337
526,528,2025-04-17 19:06:04.349827
527,867,2025-08-13 03:07:23.007649
528,818,2024-11-06 07:58:59.527960
529,359,2025-02-05 14:35:26.940717
530,273,2025-02-24 01:17:42.012031
531,550,2025-02-28 03:57:19.757352
532,760,2025-06-29 00:25:10.432156
533,90,2024-11-20 09:04:42.087198
534,864,2025-01-20 20:28:53.984781
535,381,2025-04-17 05:25:17.399945
536,965,2025-07-17 05:17:23.959574
537,740,2024-11-07 07:45:16.747775
538,184,2024-11-26 13:27:31.039747
539,425,2025-09-07 23:15:59.911629
540,928,2025-03-04 12:41:05.840013
541,464,2025-10-14 07:25:52.472405
542,270,2024-12-06 14:29:03.269280
543,591,2025-01-29 02:30:31.370445
544,149,2024-12-13 22:39:13.707258
545,31,2024-11-21 07:04:48.778681
546,365,2024-11-19 18:22:57.063059
547,438,2025-10-08 17:24:30.963020
548,464,2025-02-10 11:24:19.116856
549,440,2025-05-26 18:31:28.604087
550,498,2024-11-18 00:56:19.771337
551,934,2025-06-01 00:29:35.589470
552,925,2025-07-05 14:00:28.138697
553,816,2025-09-22 16:42:34.472095
554,398,2025-06-24 14:38:15.968367
555,858,2025-08-26 13:46:07.682686
556,728,2025-08-26 06:49:35.275102
557,684,2025-02-20 00:25:28.865905
558,747,2025-06-29 10:59:37.260868
559,125,2025-03-31 13:01:16.058524
560,740,2025-08-03 01:55:51.234046
561,837,2024-10-29 13:51:34.358361
562,171,2025-08-06 00:22:53.797588
563,460,2025-08-22 19:40:23.927697
564,134,2025-04-04 10:13:02.265266
565,18,2025-02-28 03:22:18.399622
566,197,2025-04-28 23:16:58.100974
567,700,2025-06-22 19:29:30.670142
568,896,2024-10-24 22:44:15.761763
569,698,2024-11-26 15:43:17.022298
570,702,2024-11-19 16:17:00.463130
571,896,2025-06-04 01:04:56.798733
572,837,2025-01-14 07:56:17.608867
573,557,2025-08-12 21:58:41.798793
574,664,2025-09-01 12:30:25.022861
575,662,2025-08-29 03:44:24.049361
576,989,2025-05-29 01:07:59.576368
577,64,2025-07-05 04:51:53.017229
578,222,2025-02-23 02:06:46.225533
579,965,2025-10-15 20:15:02.954668
580,284,2025-07-22 05:31:50.512553
581,117,2024-12-24 13:54:35.344597
582,479,2024-11-21 04:35:42.181793
583,988,2025-01-26 04:05:08.062928
584,57,2025-05-04 02:38:42.811337
585,585,2024-10-24 09:56:08.924504
586,734,2025-10-07 19:39:24.534349
587,793,2025-09-19 16:39:15.323756
588,440,2025-01-12 15:16:34.413232
589,919,2025-04-19 20:15:56.172970
590,627,2025-05-22 07:53:40.149994
591,33,2025-10-19 21:20:19.150548
592,155,2025-05-10 23:32:40.722346
593,291,2025-09-21 21:02:46.934903
594,928,2025-05-28 10:45:06.989022
595,554,2024-12-24 06:07:55.205333
596,42,2025-03-13 20:03:40.118615
597,530,2025-04-07 06:15:22.628994
598,819,2025-07-10 00:25:33.885909
599,87,2024-12-21 04:52:56.481122
600,740,2025-02-11 14:46:16.269629
601,366,2025-03-10 16:46:58.094124
602,932,2025-08-19 09:35:11.186028
603,346,2025-08-28 18:09:32.076787
604,705,2025-01-17 00:13:57.811702
605,395,2025-06-30 14:59:31.720726
606,101,2025-09-15 04:11:11.821354
607,581,2025-03-24 20:35:06.081977
608,316,2024-12-01 13:07:41.454608
609,680,2024-12-16 00:36:19.742069
610,215,2025-01-08 20:37:01.486342
611,450,2025-10-05 12:05:01.159784
612,863,2024-11-07 14:28:02.055885
613,569,2025-01-08 10:26:44.552973
614,133,2025-02-02 04:23:49.378581
615,837,2025-02-18 00:22:02.975983
616,806,2025-01-15 00:49:15.737244
617,665,2025-09-28 03:43:01.184869
618,92,2024-11-19 06:21:31.712183
619,125,2025-04-03 07:43:03.954495
620,368,2025-04-01 07:23:56.032165
621,968,2025-02-20 02:41:49.860722
622,138,2024-11-04 19:06:56.694972
623,925,2025-07-30 06:47:29.277862
624,892,2025-03-02 09:06:06.417594
625,334,2025-01-07 13:46:02.728047
626,360,2025-02-15 06:57:13.326575
627,154,2025-06-12 05:58:08.169097
628,906,2025-02-24 02:00:57.169532
629,620,2025-05-19 12:38:31.621001
630,102,2025-06-26 15:02:53.855297
631,54,2025-01-11 13:51:49.426866
632,578,2025-09-06 22:22:27.289011
633,835,2025-04-26 15:52:13.730961
634,526,2025-01-03 15:34:32.334238
635,272,2025-07-09 19:39:41.839833
636,516,2025-10-16 14:44:11.577192
637,398,2024-11-20 19:05:43.703325
638,323,2025-06-25 09:29:13.426617
639,547,2025-05-28 04:07:40.508970
640,739,2025-03-02 05:09:46.210537
641,493,2025-08-09 18:49:22.285672
642,400,2025-03-11 17:10:48.498071
643,773,2025-10-04 13:43:48.201099
644,114,2025-01-30 00:47:45.817550
645,106,2025-09-13 03:52:07.246223
646,598,2025-08-04 02:39:06.467354
647,301,2025-06-16 06:56:16.424011
648,495,2025-07-10 07:44:43.294922
649,344,2024-11-14 08:27:39.450547
650,44,2025-03-24 01:45:21.043616
651,496,2025-04-30 16:00:50.996284
652,722,2025-02-16 17:36:01.230530
653,578,2025-09-05 03:31:14.580716
654,980,2025-09-27 12:03:55.490688
655,553,2024-11-02 10:23:28.178752
656,671,2025-06-20 01:03:06.180692
657,706,2025-07-09 21:08:30.834181
658,639,2025-01-07 04:40:36.377579
659,517,2025-09-13 01:55:13.339144
660,163,2025-05-22 05:06:54.350521
661,984,2025-06-25 13:54:12.532473
662,714,2025-01-06 06:50:15.171801
663,536,2025-05-15 17:45:06.280824
664,394,2025-05-26 07:17:05.944514
665,532,2024-12-07 20:45:53.669880
666,104,2025-04-01 07:19:01.588856
667,778,2025-02-14 10:13:44.024587
668,423,2025-04-03 08:12:22.496758
669,498,2025-06-02 12:12:32.987250
670,297,2025-10-10 03:01:57.557364
671,774,2025-02-03 23:57:08.006972
672,734,2025-03-11 00:29:15.595598
673,601,2025-06-18 11:56:54.872557
674,497,2025-01-15 01:33:30.026998
675,999,2025-01-02 10:53:34.795034
676,497,2025-05-11 18:59:51.821626
677,326,2025-02-22 18:31:19.745683
678,836,2025-05-02 02:48:59.218057
679,613,2025-08-21 23:03:32.620025
680,300,2025-02-02 05:35:56.215025
681,74,2025-09-01 11:50:43.147416
682,417,2025-05-13 01:48:14.901581
683,76,2024-12-03 02:23:48.253317
684,893,2025-06-24 20:49:53.112974
685,223,2025-01-25 12:40:53.141695
686,122,2025-07-02 20:09:41.875830
687,563,2025-01-29 18:18:54.592654
688,227,2025-08-20 18:51:37.924053
689,556,2025-03-02 02:31:44.806031
690,257,2024-11-30 02:04:45.740292
691,957,2025-09-18 06:49:19.605609
692,988,2025-03-24 22:49:41.143048
693,57,2024-12-24 01:40:28.115939
694,753,2024-12-20 17:59:43.557013
695,987,2025-06-02 21:58:59.797244
696,687,2025-05-17 14:09:41.830062
697,666,2025-06-07 22:54:17.276235
698,543,2025-09-22 14:01:10.898752
699,677,2025-02-03 08:18:15.857757
700,314,2025-04-09 09:57:16.932768
701,353,2025-08-05 14:11:40.015640
702,310,2025-08-01 20:39:36.136223
703,48,2025-08-09 12:58:44.200681
704,81,2024-12-27 10:34:37.700607
705,465,2025-04-03 18:31:28.919021
706,676,2025-02-25 17:04:48.681917
707,195,2025-04-17 15:56:07.623256
708,226,2025-07-12 13:25:34.877183
709,118,2025-02-28 04:17:36.907041
710,184,2024-10-31 09:31:07.841408
711,624,2025-07-23 07:43:23.073240
712,66,2025-05-05 10:54:05.509268
713,348,2025-08-22 18:27:51.867512
714,368,2025-01-24 03:50:00.146441
715,479,2025-06-19 16:26:56.741599
716,664,2024-12-01 16:53:00.966133
717,28,2025-03-08 06:23:32.374777
718,319,2025-01-24 18:14:11.961121
719,1000,2025-05-24 04:25:13.553285
720,484,2025-04-20 09:13:54.312404
721,843,2025-04-20 18:43:25.150186
722,347,2025-02-24 11:59:12.419263
723,341,2025-05-30 20:13:14.007792
724,327,2025-01-28 23:29:38.830475
725,157,2025-04-28 14:51:59.205528
726,482,2025-03-03 10:28:31.715522
727,25,2025-07-15 22:52:41.736628
728,849,2025-03-02 16:28:46.388506
729,384,2025-08-25 06:21:06.677491
730,780,2025-03-30 01:23:03.814965
731,434,2024-12-23 18:09:49.608940
732,590,2025-02-11 07:43:29.691026
733,990,2025-01-07 03:50:16.170722
734,551,2025-04-16 19:42:57.603105
735,433,2025-05-25 11:25:56.818145
736,504,2025-07-05 12:18:41.332575
737,775,2025-02-07 23:30:51.196116
738,869,2025-06-30 18:07:06.340388
739,930,2025-08-05 10:41:50.088412
740,372,2025-01-10 01:19:29.060784
741,705,2025-06-12 06:04:09.354254
742,839,2025-10-12 13:25:21.784388
743,308,2024-12-31 09:50:03.667683
744,815,2025-07-11 15:01:05.853169
745,577,2025-01-14 06:55:18.618352
746,277,2025-06-24 18:09:34.495203
747,211,2025-06-15 06:11:26.825814
748,765,2025-02-24 22:04:54.339611
749,887,2025-09-04 10:53:39.491649
750,579,2025-05-05 00:33:08.980215
751,568,2024-12-25 09:44:58.333437
752,797,2025-02-28 22:02:47.133533
753,900,2024-12-21 07:41:40.599086
754,409,2024-11-28 02:13:45.354391
755,491,2025-01-28 03:31:35.574533
756,858,2024-10-31 01:28:28.683205
757,368,2025-06-30 02:08:42.017766
758,983,2024-11-19 08:48:18.633585
759,268,2025-05-08 19:14:28.796236
760,811,2025-09-29 14:23:30.254705
761,624,2025-01-25 08:33:48.375716
762,140,2025-05-23 15:44:37.866553
763,402,2024-11-04 16:46:23.602105
764,859,2024-11-20 21:23:29.785934
765,918,2025-01-26 00:22:55.124728
766,390,2025-03-20 20:34:35.982951
767,765,2025-06-16 21:23:01.239707
768,690,2025-07-28 19:43:16.542684
769,544,2024-12-27 17:14:09.839634
770,63,2025-05-05 03:13:00.072775
771,256,2025-03-18 10:19:57.008143
772,532,2025-05-04 15:32:06.679451
773,644,2025-08-28 10:18:35.776989
774,135,2025-04-13 13:11:59.651089
775,281,2025-04-19 11:03:36.782797
776,50,2024-12-06 09:35:39.775832
777,331,2025-04-02 14:01:43.087416
778,55,2025-08-09 09:55:13.211566
779,919,2025-07-24 11:20:51.351516
780,676,2025-06-16 04:36:37.440927
781,361,2025-07-21 03:47:28.263057
782,84,2025-01-04 00:17:04.849653
783,247,2025-03-27 06:03:07.273449
784,599,2025-03-09 14:04:49.544967
785,219,2025-03-31 14:15:17.888421
786,552,2025-03-27 01:20:14.115305
787,394,2024-12-24 07:41:09.411578
788,934,2025-03-29 11:14:33.579810
789,51,2025-06-13 07:08:05.837989
790,704,2025-10-06 17:21:51.285616
791,938,2025-09-09 03:46:46.021404
792,542,2025-07-07 20:10:09.566168
793,917,2025-08-17 08:25:08.684956
794,124,2024-11-04 22:15:37.456033
795,293,2025-01-31 11:41:05.732810
796,637,2025-03-16 01:04:42.477219
797,146,2024-11-10 02:52:39.666601
798,167,2025-08-16 20:02:50.161990
799,468,2025-03-03 23:54:11.145725
800,877,2025-10-12 15:56:17.764738
801,855,2025-03-26 10:10:26.085914
802,736,2025-09-13 15:07:14.934394
803,363,2025-03-08 17:28:51.429648
804,879,2025-02-23 00:28:36.263076
805,170,2025-10-04 00:57:37.404108
806,114,2025-02-11 13:50:55.771221
807,978,2025-07-22 13:34:18.069382
808,365,2025-09-08 07:51:26.424979
809,262,2025-04-06 09:49:29.417520
810,871,2024-12-04 09:12:59.431340
811,810,2025-02-11 22:07:19.787900
812,166,2024-11-06 01:21:10.081890
813,492,2025-04-20 10:33:54.099211
814,893,2024-12-03 23:25:33.935687
815,290,2025-10-14 01:07:40.280883
816,1,2025-06-28 00:01:26.612229
817,914,2024-12-30 14:37:23.312035
818,296,2025-03-23 14:04:14.895120
819,668,2025-09-04 00:15:16.625434
820,692,2025-07-25 19:10:28.465059
821,844,2024-12-23 20:27:52.929823
822,179,2024-11-18 14:35:13.662735
823,852,2025-09-01 09:40:44.301644
824,487,2025-06-01 01:25:49.357342
825,11,2025-03-23 08:55:59.919006
826,220,2024-11-04 11:35:29.877096
827,3,2025-05-06 20:20:33.080902
828,666,2025-03-05 15:17:52.634136
829,189,2025-10-20 16:27:26.623627
830,81,2025-09-24 23:16:35.637980
831,733,2025-08-07 17:20:52.244661
832,200,2025-08-16 23:13:43.976610
833,398,2025-06-14 13:32:02.752122
834,515,2025-07-07 09:34:44.553472
835,818,2025-01-10 16:53:01.287954
836,251,2025-10-10 06:38:00.388073
837,277,2024-12-20 08:52:08.450695
838,517,2024-11-16 22:38:33.682006
839,575,2025-09-23 05:35:50.701509
840,662,2025-08-24 14:21:55.333388
841,985,2025-05-13 09:55:55.231324
842,494,2025-09-06 13:44:23.155665
843,122,2025-05-03 03:27:08.253270
844,787,2024-10-23 20:34:45.936586
845,962,2025-08-31 13:18:33.375794
846,272,2025-02-26 00:45:07.127979
847,856,2025-03-25 03:09:20.408011
848,822,2025-03-18 21:09:14.106436
849,204,2025-07-12 20:39:32.236614
850,553,2025-02-24 14:20:52.799376
851,22,2025-03-17 12:32:28.971738
852,436,2024-11-25 22:20:46.520444
853,609,2025-08-16 05:58:24.482827
854,109,2024-12-11 17:39:01.794327
855,213,2025-05-26 06:39:04.268759
856,660,2025-05-10 02:57:59.937266
857,254,2025-09-27 16:18:45.904555
858,217,2025-09-09 06:16:17.826272
859,650,2025-03-07 08:34:45.056474
860,482,2024-11-27 23:57:04.261218
861,289,2025-08-26 01:41:08.649215
862,519,2025-02-11 09:38:32.810542
863,79,2025-07-05 09:52:49.887578
864,425,2025-06-01 01:51:06.279459
865,767,2025-09-11 10:32:15.056706
866,572,2025-10-11 16:40:13.186116
867,545,2025-05-31 20:31:30.189720
868,480,2025-01-22 20:05:10.131498
869,109,2025-02-16 22:09:21.449004
870,490,2025-09-09 16:29:22.866543
871,501,2025-03-25 13:49:47.384691
872,112,2025-01-16 21:47:34.171745
873,717,2025-01-28 17:09:21.801296
874,697,2025-06-30 00:17:18.676272
875,201,2025-02-21 09:36:54.683359
876,589,2025-01-16 18:16:22.276565
877,720,2025-01-21 09:29:50.732613
878,507,2025-07-21 06:43:53.218692
879,861,2025-07-27 10:10:07.521497
880,947,2025-06-02 15:03:45.316133
881,300,2025-04-16 06:06:48.728498
882,749,2025-08-13 13:46:48.556394
883,614,2025-02-28 08:55:28.845657
884,869,2024-11-08 20:26:46.125313
885,189,2025-08-03 08:05:50.391340
886,363,2024-10-25 09:17:07.510157
887,830,2025-01-27 02:13:00.949420
888,948,2025-10-01 19:33:28.023869
889,234,2025-08-26 05:55:54.794814
890,555,2024-12-17 11:20:10.449988
891,567,2025-09-12 03:56:23.373543
892,184,2025-01-31 14:05:19.098366
893,679,2025-07-10 05:59:19.467274
894,291,2025-05-09 05:13:00.675389
895,256,2025-09-21 15:28:16.650604
896,122,2025-06-05 20:57:29.470886
897,169,2025-06-06 20:46:23.026946
898,645,2025-09-09 16:55:14.805354
899,646,2025-08-04 20:38:41.192119
900,925,2025-05-02 23:14:22.036586
901,733,2025-01-06 03:17:32.874825
902,443,2024-11-08 16:17:37.287284
903,511,2025-06-26 14:45:43.276348
904,240,2025-03-07 13:05:54.279888
905,946,2025-09-15 22:24:36.482786
906,232,2025-06-24 16:13:20.941579
907,19,2025-08-12 17:27:37.731272
908,359,2025-07-24 01:47:46.878582
909,310,2024-11-09 10:48:14.070499
910,878,2025-09-23 02:50:11.987183
911,523,2025-10-13 17:40:35.056456
912,552,2025-02-09 09:49:53.906364
913,776,2025-04-15 00:35:24.486360
914,650,2025-08-15 01:33:31.242424
915,26,2025-01-16 20:08:42.460741
916,805,2025-03-12 18:36:00.574814
917,645,2025-07-13 13:13:25.000068
918,533,2025-06-09 11:18:00.139353
919,555,2025-10-18 03:16:24.337935
920,664,2025-01-06 01:19:10.785012
921,689,2025-07-12 12:59:48.176123
922,827,2024-12-13 19:07:01.870903
923,466,2024-12-18 09:35:47.080418
924,211,2025-03-24 20:19:28.973649
925,253,2025-08-26 23:30:29.497562
926,281,2024-10-26 18:27:41.838738
927,234,2024-12-20 05:24:50.361991
928,19,2025-03-05 18:20:39.625859
929,237,2025-01-19 00:55:09.008635
930,161,2025-05-25 08:46:55.211809
931,634,2025-09-17 16:35:11.944176
932,305,2025-08-08 15:26:44.207013
933,691,2025-06-07 20:18:29.509812
934,227,2025-04-21 08:04:39.644370
935,907,2025-04-24 17:09:20.427273
936,917,2025-09-28 22:09:53.626655
937,645,2025-02-22 03:44:58.712600
938,897,2025-09-04 14:11:07.932315
939,882,2025-08-09 04:56:36.552386
940,585,2024-11-23 14:00:31.746884
941,543,2025-06-10 00:55:44.771463
942,557,2025-02-24 22:00:55.001431
943,276,2025-03-16 03:31:27.407465
944,764,2025-10-18 15:02:00.075369
945,888,2025-05-18 18:59:46.931205
946,653,2025-04-24 21:15:06.012132
947,926,2025-04-25 06:43:42.505698
948,218,2025-05-13 22:10:06.737947
949,397,2025-04-21 06:54:25.442526
950,97,2025-10-06 08:23:55.376355
951,399,2025-03-28 22:08:58.883625
952,404,2025-08-13 11:35:26.970633
953,580,2025-02-06 15:40:09.299401
954,480,2024-11-28 06:04:13.758710
955,528,2025-07-28 16:11:38.256921
956,968,2024-11-01 12:55:44.013017
957,261,2024-10-26 16:14:10.219218
958,437,2025-02-06 19:54:13.869337
959,11,2025-06-14 06:20:01.214709
960,168,2025-05-19 14:36:25.550990
961,23,2024-12-24 06:34:32.715192
962,496,2025-09-10 08:07:50.855070
963,627,2024-12-26 11:58:14.737323
964,483,2024-12-24 12:55:04.405361
965,3,2025-06-11 22:05:28.099695
966,655,2025-04-03 12:14:16.901529
967,638,2025-02-22 05:44:58.146271
968,734,2025-08-09 17:31:48.934234
969,908,2024-12-25 11:18:54.501848
970,602,2025-06-22 20:39:49.412488
971,634,2025-07-11 19:48:19.879912
972,657,2025-06-18 04:21:07.348301
973,298,2025-04-29 20:39:18.708569
974,813,2025-07-23 20:00:58.238081
975,89,2025-02-23 06:15:53.835031
976,895,2024-10-30 16:07:22.921331
977,550,2025-04-20 12:17:15.717200
978,43,2025-07-17 08:58:27.094736
979,278,2025-04-06 08:22:54.450634
980,444,2025-04-30 19:30:48.807508
981,136,2025-03-07 14:08:28.745587
982,2,2025-03-03 22:04:53.178194
983,378,2025-05-20 17:14:36.068563
984,353,2025-09-25 18:06:06.006621
985,265,2025-02-09 16:41:24.509538
986,633,2025-07-02 07:11:59.949525
987,161,2025-04-02 21:38:34.939896
988,136,2025-09-05 19:04:33.335929
989,231,2025-01-30 00:44:19.553860
990,731,2025-04-24 16:41:49.086043
991,834,2025-08-06 15:40:04.957137
992,962,2025-05-20 16:16:51.942322
993,645,2024-11-20 06:59:57.934014
994,264,2025-01-21 18:57:24.006953
995,739,2025-08-29 08:23:36.989809
996,276,2025-06-09 10:09:54.216794
997,859,2025-02-21 10:58:55.508376
998,389,2025-06-21 12:45:41.896390
999,704,2025-01-15 00:09:10.123120
1000,260,2024-11-09 23:01:51.334629
1001,858,2025-04-26 10:17:06.011580
1002,710,2025-07-01 17:37:48.264717
1003,210,2025-05-01 18:58:02.443694
1004,700,2025-02-02 13:55:20.872010
1005,866,2025-01-18 06:21:08.594524
1006,611,2025-10-06 20:11:23.834014
1007,677,2024-12-31 04:15:19.984467
1008,253,2025-01-01 07:45:21.388437
1009,562,2025-09-26 13:54:21.212167
1010,917,2025-07-11 16:00:41.256188
1011,690,2025-02-14 23:37:34.655678
1012,59,2025-10-19 01:04:58.467439
1013,364,2025-10-08 22:19:36.410009
1014,570,2025-10-01 10:46:04.577214
1015,628,2025-03-27 00:40:41.160609
1016,50,2025-06-03 17:58:34.105899
1017,622,2024-11-13 20:51:26.553230
1018,3,2025-01-27 03:48:46.029573
1019,736,2025-04-12 02:58:16.231843
1020,828,2025-03-14 17:46:21.875710
1021,533,2024-11-22 02:55:30.644310
1022,426,2025-07-17 12:12:48.988623
1023,549,2024-11-23 17:09:56.342336
1024,605,2024-10-27 19:42:27.094984
1025,737,2024-11-29 16:25:09.160824
1026,158,2025-08-11 22:42:35.158712
1027,13,2025-04-01 20:11:52.667993
1028,607,2025-02-27 14:13:55.948766
1029,18,2025-01-17 22:09:59.702365
1030,194,2025-09-30 02:21:46.031046
1031,28,2024-11-20 11:10:35.949306
1032,813,2024-12-31 05:27:34.553223
1033,522,2025-02-19 13:02:44.908883
1034,391,2025-10-01 10:43:52.458374
1035,434,2025-09-17 01:33:58.052789
1036,822,2025-01-28 20:18:46.752272
1037,685,2025-02-08 21:03:07.907916
1038,455,2025-09-25 02:45:56.725276
1039,456,2025-09-28 03:05:58.323407
1040,348,2025-02-04 07:32:46.442451
1041,417,2025-04-13 01:11:45.908577
1042,213,2025-04-06 12:52:28.928983
1043,638,2025-09-14 11:24:32.974118
1044,959,2024-11-30 12:01:31.730644
1045,646,2025-10-14 23:23:31.896016
1046,674,2025-05-06 06:54:49.727066
1047,21,2025-04-12 12:10:09.338645
1048,727,2025-07-09 14:53:22.677896
1049,132,2024-10-30 11:24:50.834921
1050,991,2025-06-04 13:19:26.010484
1051,564,2025-04-15 02:11:53.048641
1052,690,2025-04-19 05:15:30.856602
1053,796,2025-06-24 21:37:07.803860
1054,449,2024-11-18 13:33:32.546275
1055,77,2024-12-14 15:50:30.401899
1056,377,2025-01-31 12:47:12.994250
1057,796,2025-02-23 14:14:29.531158
1058,783,2024-12-04 01:43:50.011417
1059,357,2025-01-24 08:46:14.419004
1060,36,2025-07-11 08:11:29.995471
1061,976,2025-07-29 06:52:59.491415
1062,136,2025-05-22 03:41:03.630298
1063,637,2025-07-10 12:41:43.252565
1064,573,2025-02-15 10:38:59.214586
1065,971,2025-06-07 22:26:59.410880
1066,808,2025-01-19 03:25:30.863510
1067,773,2024-12-12 23:03:44.932017
1068,801,2024-10-21 16:19:17.685147
1069,429,2025-04-14 15:18:20.684397
1070,387,2025-01-21 04:19:29.377325
1071,638,2025-08-01 06:08:38.080906
1072,498,2025-07-07 00:50:12.757086
1073,773,2025-07-22 00:35:13.379707
1074,918,2025-01-07 08:32:23.214274
1075,162,2025-04-17 09:33:47.077281
1076,362,2024-11-14 17:55:43.432633
1077,654,2025-05-26 08:50:44.106812
1078,76,2025-05-09 16:06:58.162689
1079,915,2025-07-23 03:40:17.085905
1080,158,2024-10-23 08:31:17.727724
1081,209,2025-08-17 19:09:33.092967
1082,919,2025-07-01 03:51:40.639898
1083,529,2025-01-12 22:48:25.551959
1084,478,2025-04-23 05:10:25.073931
1085,899,2025-05-21 19:37:29.508504
1086,450,2025-02-10 01:11:52.314457
1087,335,2025-02-19 15:54:11.107989
1088,908,2024-11-16 13:45:08.795380
1089,347,2024-11-21 04:48:03.481480
1090,712,2025-02-27 20:11:10.391052
1091,714,2025-05-27 12:54:07.130428
1092,418,2025-06-26 20:22:27.530708
1093,929,2025-02-06 09:27:23.571195
1094,495,2025-05-21 04:56:21.098540
1095,842,2024-12-03 06:14:49.194443
1096,996,2025-07-31 22:26:43.377089
1097,601,2025-04-01 21:28:31.686377
1098,695,2025-10-11 18:50:09.527508
1099,463,2025-10-13 09:10:29.252407
1100,170,2025-01-23 11:20:19.345031
1101,879,2024-10-24 14:51:15.834261
1102,949,2025-03-29 04:23:38.692730
1103,496,2025-02-10 20:12:13.012645
1104,550,2024-12-06 04:16:26.713221
1105,444,2025-08-11 18:01:58.457919
1106,506,2025-08-29 16:52:05.202509
1107,879,2025-08-20 12:54:09.601731
1108,466,2024-11-24 14:12:29.713266
1109,996,2025-03-18 18:14:40.512547
1110,122,2025-06-03 16:01:40.300604
1111,831,2025-01-22 06:04:09.428749
1112,731,2024-11-10 13:48:01.150203
1113,151,2025-09-09 02:28:20.928805
1114,917,2024-11-13 04:02:23.759039
1115,162,2025-08-10 07:46:33.406219
1116,580,2024-12-24 01:00:54.489427
1117,842,2025-10-12 22:59:14.211374
1118,709,2025-07-14 09:30:54.630783
1119,830,2025-01-02 06:52:38.941795
1120,10,2024-12-28 06:09:39.805733
1121,801,2024-12-18 21:23:38.186130
1122,39,2025-10-03 08:39:12.452076
1123,235,2025-09-02 09:03:51.085818
1124,777,2024-11-25 15:16:14.608416
1125,215,2025-03-20 03:42:53.302164
1126,117,2025-10-17 23:56:58.010665
1127,172,2025-02-10 08:54:27.434934
1128,373,2025-06-11 09:48:06.428080
1129,815,2025-04-30 19:07:28.189645
1130,207,2025-03-08 19:24:17.206070
1131,538,2024-11-06 11:36:39.186777
1132,406,2025-10-12 20:01:04.832606
1133,671,2025-01-08 17:36:38.137990
1134,340,2024-12-25 23:00:48.358359
1135,939,2025-10-13 13:08:21.199815
1136,661,2025-10-12 18:07:31.871328
1137,520,2024-12-30 06:43:26.696514
1138,609,2025-07-11 05:10:52.375839
1139,184,2025-07-06 11:32:16.820167
1140,714,2025-08-29 18:43:36.398932
1141,566,2025-09-17 12:49:10.716511
1142,564,2025-04-29 13:35:47.213645
1143,500,2024-12-03 06:29:59.493523
1144,270,2024-10-24 12:59:32.970608
1145,584,2025-09-08 00:09:40.578542
1146,405,2025-01-20 07:08:44.786677
1147,904,2025-01-25 04:34:24.167622
1148,692,2025-05-18 06:47:03.206231
1149,477,2025-02-26 13:00:04.909237
1150,355,2025-02-09 07:46:58.882744
1151,101,2025-03-10 13:30:11.439068
1152,231,2025-02-05 21:02:49.977354
1153,815,2025-03-02 14:18:02.819007
1154,642,2025-02-03 08:28:20.006295
1155,586,2025-05-26 23:22:23.711967
1156,488,2024-11-17 17:38:01.778120
1157,896,2025-10-08 07:42:12.056222
1158,49,2025-08-10 23:03:35.753579
1159,902,2025-10-03 02:28:13.741308
1160,782,2025-07-13 18:51:30.373917
1161,431,2025-06-30 23:11:18.674487
1162,234,2025-01-26 22:34:50.602711
1163,432,2025-01-17 11:32:54.647171
1164,348,2025-08-10 19:23:29.016785
1165,325,2025-07-19 19:00:21.179318
1166,970,2024-11-17 23:10:14.912387
1167,903,2025-01-21 15:55:08.605005
1168,878,2025-01-04 22:52:23.921909
1169,871,2025-06-30 20:38:06.500499
1170,762,2024-11-15 09:12:09.131167
1171,565,2025-01-23 15:30:27.232335
1172,648,2025-10-12 18:15:37.252424
1173,70,2025-09-01 17:18:58.392769
1174,109,2025-09-21 21:37:42.073845
1175,473,2025-09-09 21:31:25.863026
1176,704,2024-11-25 03:50:34.054349
1177,16,2024-11-04 21:09:34.360128
1178,933,2025-02-17 10:03:39.753298
1179,459,2025-02-20 09:39:15.522289
1180,975,2025-10-07 18:54:36.415510
1181,77,2025-03-20 02:07:41.520977
1182,580,2024-12-29 15:29:03.073538
1183,782,2025-03-02 17:08:02.772726
1184,743,2024-12-24 19:17:50.242491
1185,296,2025-01-16 13:41:04.471970
1186,412,2025-05-13 10:58:44.824378
1187,193,2025-10-16 15:55:16.693713
1188,492,2024-12-20 07:12:17.403639
1189,101,2025-01-03 12:37:27.078330
1190,216,2025-06-22 15:32:11.660861
1191,581,2025-01-18 02:50:56.407503
1192,651,2025-07-12 15:11:24.789523
1193,138,2025-10-08 18:03:21.807647
1194,38,2025-06-05 21:02:54.359535
1195,540,2025-01-24 06:24:33.572775
1196,735,2025-05-31 12:05:00.777563
1197,719,2025-05-25 18:33:51.708312
1198,172,2025-07-08 06:41:44.195660
1199,991,2025-04-27 12:53:00.444244
1200,698,2025-03-29 07:59:33.297856
1201,218,2025-08-27 19:33:17.403078
1202,324,2025-01-04 20:41:56.030237
1203,397,2024-12-31 07:21:43.224895
1204,183,2024-12-21 13:03:20.412957
1205,618,2025-08-19 23:39:51.656804
1206,455,2025-01-10 07:56:31.838369
1207,878,2025-06-23 20:44:19.106133
1208,342,2025-04-16 14:13:43.730318
1209,564,2025-06-05 19:42:36.935273
1210,135,2025-08-17 17:54:51.540208
1211,933,2025-07-23 02:39:41.318604
1212,477,2025-06-09 05:19:41.721820
1213,223,2024-12-29 21:22:43.318363
1214,51,2025-09-10 04:14:18.889848
1215,444,2025-04-01 05:58:40.959100
1216,456,2025-04-01 01:39:44.617046
1217,400,2025-10-06 17:08:22.936705
1218,996,2025-09-23 03:23:55.399273
1219,617,2025-08-13 02:20:00.617334
1220,675,2025-06-01 07:03:40.303273
1221,792,2025-01-29 21:49:02.869428
1222,154,2025-06-17 17:59:22.615575
1223,477,2025-07-01 09:10:40.575173
1224,658,2025-05-07 06:46:16.457930
1225,506,2025-01-30 06:43:53.892377
1226,30,2025-07-25 16:28:15.479925
1227,986,2025-06-06 08:14:07.203398
1228,553,2025-08-07 09:45:16.451178
1229,80,2025-07-03 22:46:42.619969
1230,382,2025-07-03 05:33:44.191342
1231,382,2025-05-05 00:17:03.600364
1232,946,2025-02-20 15:14:31.551877
1233,701,2025-09-20 15:15:23.205427
1234,517,2025-02-22 10:49:35.132604
1235,164,2025-02-06 22:13:41.053274
1236,351,2025-01-03 03:36:50.205321
1237,842,2025-05-09 00:42:20.834615
1238,496,2024-11-09 19:08:08.989067
1239,739,2025-08-25 09:33:29.996607
1240,117,2024-12-07 17:18:01.505245
1241,722,2025-07-12 00:59:51.706583
1242,541,2025-08-21 15:02:53.934227
1243,369,2024-12-31 21:50:22.352773
1244,483,2025-01-21 20:56:12.350946
1245,141,2024-11-29 06:06:20.985702
1246,5,2025-07-25 17:16:01.496599
1247,618,2025-05-22 21:21:40.483005
1248,219,2025-03-02 14:28:14.162333
1249,846,2025-07-19 15:06:50.458681
1250,540,2024-11-16 16:35:19.093945
1251,530,2025-02-11 06:47:31.580009
1252,879,2025-04-28 15:22:14.789136
1253,224,2025-03-28 08:18:10.662493
1254,699,2024-11-06 03:58:44.222488
1255,188,2025-01-26 21:17:11.310437
1256,566,2025-09-15 18:36:41.574533
1257,450,2025-10-13 13:58:38.868222
1258,373,2024-10-22 21:27:19.659173
1259,860,2025-06-03 17:33:37.588091
1260,239,2025-05-06 22:18:53.851342
1261,588,2025-05-05 09:31:57.426439
1262,435,2025-06-03 18:06:40.981579
1263,459,2025-09-09 20:31:56.865844
1264,806,2025-08-05 16:55:03.924848
1265,425,2025-04-07 16:50:49.671689
1266,538,2024-11-07 04:25:05.669020
1267,864,2025-08-23 09:38:42.522603
1268,3,2025-07-11 18:00:35.593793
1269,467,2025-05-30 14:16:26.649063
1270,492,2025-08-08 14:05:55.605684
1271,577,2024-12-11 03:20:21.325384
1272,660,2024-12-27 05:24:31.189613
1273,582,2024-11-05 19:07:56.067964
1274,12,2025-07-11 15:39:44.322522
1275,929,2025-03-16 15:33:05.103075
1276,279,2025-01-03 21:48:08.482516
1277,7,2025-02-28 05:46:31.648632
1278,100,2025-05-29 03:30:00.733100
1279,533,2025-04-29 13:40:50.238063
1280,729,2025-03-16 11:03:11.809622
1281,156,2025-05-24 22:52:26.393053
1282,628,2024-12-09 16:52:59.733938
1283,696,2025-01-30 22:43:37.287532
1284,699,2025-06-29 10:08:34.814332
1285,612,2025-02-05 01:02:21.581835
1286,598,2025-01-13 22:57:57.654613
1287,868,2025-03-22 07:05:32.591021
1288,689,2025-03-09 15:58:09.748959
1289,657,2025-08-04 15:04:21.137977
1290,717,2025-04-09 12:34:15.850352
1291,630,2025-03-05 23:53:41.105659
1292,65,2025-01-18 22:38:36.234286
1293,911,2024-12-31 22:18:15.063583
1294,502,2025-05-15 01:47:53.401270
1295,650,2024-10-23 20:30:24.656475
1296,526,2024-12-19 00:09:17.282822
1297,528,2025-07-10 21:07:19.508429
1298,249,2025-03-19 09:42:36.962647
1299,789,2025-03-24 08:55:38.904427
1300,195,2025-06-23 15:34:18.320641
1301,326,2025-05-12 08:30:06.965425
1302,193,2025-07-09 08:25:06.613358
1303,922,2025-04-27 01:24:39.298801
1304,152,2025-08-31 14:57:57.634668
1305,134,2024-11-14 09:02:09.336699
1306,119,2025-05-22 16:34:44.317180
1307,592,2024-12-07 21:28:12.439178
1308,379,2024-12-15 13:47:27.256326
1309,899,2025-08-24 18:40:16.557445
1310,236,2025-01-07 13:14:06.255767
1311,850,2025-06-26 07:39:20.632921
1312,988,2024-11-01 16:17:56.465849
1313,294,2024-11-24 16:49:02.630779
1314,513,2025-02-08 18:26:29.260914
1315,933,2025-07-09 22:46:27.584162
1316,634,2025-01-07 17:16:48.222996
1317,201,2025-01-06 07:22:46.382044
1318,97,2025-07-13 21:50:27.593382
1319,784,2025-09-25 13:31:08.513413
1320,760,2025-10-02 10:59:15.276682
1321,546,2024-12-05 14:35:10.518394
1322,86,2025-08-26 03:46:17.894952
1323,335,2025-03-30 20:58:05.991370
1324,960,2025-09-15 00:52:00.486395
1325,854,2025-03-10 00:22:27.084086
1326,314,2025-06-22 05:15:36.526286
1327,825,2025-06-27 21:19:38.861727
1328,412,2025-04-05 05:08:27.420748
1329,939,2025-04-09 20:43:34.178879
1330,838,2025-05-17 16:56:32.153183
1331,607,2025-04-25 15:54:52.469620
1332,810,2024-10-25 10:09:32.642406
1333,385,2024-11-13 13:09:24.512517
1334,84,2025-10-06 22:44:45.984915
1335,566,2024-11-08 07:56:47.694149
1336,887,2025-09-19 09:32:38.213314
1337,782,2024-10-29 16:15:16.921879
1338,95,2025-05-16 01:31:47.132139
1339,397,2025-08-21 00:59:51.814226
1340,346,2024-12-26 20:52:08.908311
1341,389,2025-03-19 20:10:56.442445
1342,298,2025-10-17 16:19:07.530027
1343,856,2025-02-20 17:14:13.863621
1344,416,2025-07-06 05:24:03.862056
1345,982,2024-12-06 11:53:14.564960
1346,383,2025-10-09 11:18:17.246081
1347,974,2025-01-09 17:23:46.333840
1348,778,2025-03-03 18:47:18.626369
1349,626,2025-05-24 23:51:34.727495
1350,382,2025-10-10 01:16:26.690167
1351,221,2025-09-17 16:11:07.627071
1352,351,2025-06-13 01:47:34.515240
1353,836,2025-09-10 13:05:10.831764
1354,397,2025-01-26 05:19:59.908859
1355,519,2025-05-08 09:41:18.062512
1356,90,2025-03-29 12:25:55.626396
1357,141,2025-08-29 18:06:50.297164
1358,570,2024-12-05 20:19:44.722973
1359,211,2025-07-03 23:11:00.591666
1360,58,2024-11-03 14:40:46.075811
1361,348,2024-10-31 03:43:04.875538
1362,789,2025-05-22 19:25:34.908190
1363,417,2025-07-11 17:49:36.785029
1364,929,2025-08-11 05:00:40.730176
1365,642,2025-06-23 07:41:39.073365
1366,195,2025-05-13 23:51:44.521595
1367,490,2025-06-16 07:15:02.048927
1368,817,2025-06-29 06:29:20.943868
1369,23,2025-10-14 01:10:56.710175
1370,385,2025-06-10 16:25:45.700322
1371,22,2025-07-03 23:16:09.116676
1372,881,2025-02-09 17:40:09.223762
1373,59,2025-03-31 06:31:23.007026
1374,648,2025-07-15 19:40:09.805983
1375,608,2025-01-11 15:29:58.974305
1376,978,2025-02-04 02:54:26.787806
1377,170,2024-12-28 20:04:11.009931
1378,655,2025-09-10 15:24:44.292279
1379,388,2025-05-19 08:42:05.809257
1380,924,2025-02-15 11:25:49.613404
1381,313,2024-11-02 12:22:44.580295
1382,599,2025-09-09 10:09:25.730797
1383,547,2025-03-22 10:42:27.973031
1384,501,2025-05-17 09:16:45.710669
1385,424,2025-07-21 22:53:36.925971
1386,553,2025-04-12 14:59:10.452576
1387,312,2024-12-12 15:26:11.213429
1388,940,2025-06-06 09:23:42.152125
1389,109,2024-11-04 20:30:33.299324
1390,901,2025-08-05 18:09:10.740724
1391,956,2025-05-09 23:23:40.043127
1392,142,2024-10-21 21:15:45.686417
1393,89,2025-03-16 17:18:54.960777
1394,959,2024-11-18 01:54:51.906653
1395,506,2025-02-12 13:49:18.828172
1396,298,2025-01-12 23:58:19.164676
1397,765,2025-07-08 13:20:38.952644
1398,614,2024-12-28 16:28:42.292609
1399,256,2025-07-02 09:48:17.926599
1400,369,2025-07-20 20:40:45.822511
1401,925,2025-10-02 03:14:26.800066
1402,750,2025-01-07 20:26:52.318615
1403,497,2024-11-21 18:06:12.408052
1404,171,2025-10-11 12:43:09.681408
1405,120,2025-05-25 07:47:52.199764
1406,703,2024-10-21 17:32:12.603216
1407,47,2025-07-17 03:30:43.491170
1408,851,2025-08-24 07:26:15.092353
1409,688,2025-07-24 06:31:46.598815
1410,148,2025-07-03 08:05:09.902225
1411,715,2025-09-09 00:34:36.905720
1412,874,2025-08-31 04:41:07.341500
1413,141,2025-02-06 02:59:49.033896
1414,885,2025-02-17 03:40:49.398982
1415,571,2025-05-08 01:53:36.654593
1416,591,2025-09-15 00:42:45.175104
1417,614,2025-06-27 10:10:06.911974
1418,964,2025-09-11 04:40:55.354195
1419,830,2024-12-03 14:57:01.190327
1420,850,2024-11-25 21:55:35.386402
1421,949,2024-12-29 20:13:28.764261
1422,258,2025-02-04 10:27:45.023822
1423,507,2024-11-24 18:21:13.642759
1424,259,2025-08-29 16:03:04.436628
1425,277,2025-09-01 03:47:57.752437
1426,542,2025-02-13 06:16:44.150982
1427,19,2025-04-27 02:09:04.094663
1428,494,2025-01-30 19:30:51.977005
1429,231,2024-11-13 23:56:32.653328
1430,730,2025-03-08 20:54:01.742828
1431,26,2025-08-01 23:44:15.762675
1432,647,2024-11-27 14:24:17.998502
1433,498,2025-07-24 14:32:26.676518
1434,854,2025-03-21 22:38:22.032919
1435,870,2025-09-26 15:41:17.064427
1436,689,2024-10-26 17:05:17.625570
1437,920,2025-08-02 08:43:37.830313
1438,116,2024-10-20 23:25:35.917559
1439,330,2025-01-24 13:17:30.688519
1440,710,2025-01-11 12:10:47.725703
1441,987,2025-06-03 20:15:36.172633
1442,64,2025-03-10 00:00:45.513653
1443,457,2024-11-02 04:14:34.357574
1444,483,2025-03-21 12:08:52.666773
1445,638,2025-05-08 08:34:35.185603
1446,156,2024-11-08 06:40:09.721367
1447,734,2024-12-07 03:54:25.372128
1448,535,2025-02-13 18:45:26.318014
1449,822,2025-09-28 07:03:31.819281
1450,819,2025-10-13 04:03:37.156341
1451,558,2025-05-07 02:01:27.335567
1452,846,2025-03-07 16:44:19.253867
1453,209,2024-11-22 03:37:27.989447
1454,427,2025-09-24 21:57:17.764623
1455,288,2025-08-19 16:04:34.888866
1456,457,2025-08-28 05:36:21.487833
1457,463,2025-04-20 05:50:02.979166
1458,714,2025-03-10 12:16:26.572854
1459,262,2025-09-09 04:54:28.947841
1460,42,2025-09-15 06:35:07.989661
1461,100,2024-11-07 00:02:22.924567
1462,13,2024-12-20 04:43:36.238964
1463,806,2025-03-03 06:36:09.454535
1464,352,2025-03-30 01:50:10.825408
1465,432,2025-09-04 01:49:33.182229
1466,580,2024-11-25 18:02:03.234447
1467,937,2025-08-01 13:06:00.472723
1468,736,2025-10-17 08:52:33.135207
1469,883,2025-05-30 14:20:58.686886
1470,160,2024-11-14 14:13:39.386596
1471,201,2025-07-17 19:50:05.813739
1472,882,2025-08-03 21:41:51.383401
1473,115,2025-05-05 02:36:27.972741
1474,752,2025-03-22 13:54:36.849859
1475,766,2025-06-14 02:16:44.685318
1476,81,2025-06-06 06:03:43.516889
1477,518,2025-04-04 22:15:30.183910
1478,522,2025-02-21 00:26:13.514459
1479,539,2025-08-19 20:15:27.156749
1480,57,2025-06-22 00:44:54.908521
1481,501,2025-02-13 06:31:09.325139
1482,125,2025-01-10 07:47:47.653022
1483,815,2025-07-17 08:21:27.415359
1484,679,2025-02-21 03:39:14.279324
1485,493,2025-06-29 01:45:09.755123
1486,65,2025-05-30 13:38:45.225548
1487,234,2024-11-24 01:27:05.222475
1488,806,2025-07-12 13:37:10.079564
1489,677,2024-11-14 04:31:15.836005
1490,899,2024-11-26 01:50:40.388704
1491,250,2025-06-26 07:30:54.028229
1492,45,2025-06-08 05:28:55.426813
1493,289,2025-06-21 07:38:24.875403
1494,779,2025-07-22 21:21:29.101612
1495,695,2025-03-03 00:45:46.549788
1496,926,2025-05-04 06:19:49.296924
1497,973,2025-10-20 00:16:10.389805
1498,653,2024-11-13 04:18:26.655038
1499,31,2025-09-21 04:46:48.414151
1500,223,2025-02-21 20:10:20.926260
1501,640,2025-01-27 07:43:58.544626
1502,46,2024-12-01 23:38:51.210070
1503,768,2025-02-19 22:29:49.710964
1504,272,2025-03-16 18:37:23.687789
1505,127,2025-02-12 17:05:14.177594
1506,771,2025-04-30 01:37:04.535931
1507,772,2025-07-31 14:49:39.044771
1508,402,2025-06-09 19:51:54.117763
1509,712,2024-11-23 17:23:36.316475
1510,2,2025-01-29 00:54:38.591524
1511,797,2025-03-01 11:31:19.951472
1512,40,2025-03-02 08:01:33.984038
1513,124,2025-06-03 07:34:19.082142
1514,427,2025-01-21 09:30:08.964549
1515,337,2025-02-13 10:38:37.718562
1516,172,2025-03-17 18:53:36.420114
1517,3,2024-11-08 05:23:55.571497
1518,792,2025-08-13 22:59:50.255624
1519,738,2025-05-16 16:01:14.513535
1520,956,2025-09-09 11:11:08.686972
1521,857,2025-06-22 05:17:59.708822
1522,747,2025-09-27 22:16:41.613687
1523,572,2025-07-02 15:24:12.096493
1524,248,2025-06-21 05:34:12.873619
1525,155,2024-12-22 08:41:59.405543
1526,266,2025-03-22 10:58:33.238434
1527,126,2025-03-18 09:39:04.931577
1528,879,2024-11-19 09:59:52.395993
1529,663,2024-12-07 02:36:31.703258
1530,254,2025-10-07 02:05:26.846491
1531,957,2025-07-08 19:07:09.990097
1532,428,2024-10-27 08:43:01.669246
1533,528,2025-08-09 02:48:49.141064
1534,264,2024-11-01 11:22:55.518324
1535,833,2025-08-06 05:47:59.205382
1536,113,2024-10-22 16:40:04.004464
1537,496,2025-03-15 03:57:36.640181
1538,274,2025-02-08 01:08:54.825729
1539,552,2025-05-13 13:44:42.937967
1540,301,2025-05-31 14:09:31.072529
1541,55,2025-02-20 09:40:18.041382
1542,334,2024-11-02 19:03:47.098871
1543,154,2025-04-19 22:57:25.193176
1544,333,2025-06-02 10:38:37.496506
1545,43,2024-11-24 21:32:24.279195
1546,109,2025-05-31 16:44:47.451563
1547,770,2024-11-06 22:47:14.180991
1548,26,2025-01-22 09:45:17.548897
1549,41,2025-06-08 06:10:14.769743
1550,317,2025-10-15 00:18:53.118624
1551,819,2025-05-18 10:06:26.402790
1552,710,2024-11-26 16:01:29.599487
1553,328,2025-02-22 21:21:36.458994
1554,484,2025-02-10 05:54:54.159238
1555,392,2025-01-08 06:33:35.293173
1556,719,2025-01-27 18:01:56.484013
1557,916,2025-08-11 14:43:59.705285
1558,248,2025-09-12 15:10:38.486695
1559,879,2025-05-31 12:59:37.330737
1560,680,2025-02-16 16:01:53.401552
1561,2,2025-02-14 18:19:14.752776
1562,284,2025-04-16 15:56:58.605968
1563,915,2025-04-13 01:24:15.192464
1564,539,2025-01-14 02:48:01.924046
1565,625,2025-02-24 08:39:58.194252
1566,926,2025-08-26 06:00:22.588392
1567,701,2025-05-21 06:30:01.938183
1568,307,2025-06-30 17:31:30.510541
1569,453,2024-10-31 07:55:11.168549
1570,747,2025-05-22 11:11:14.838752
1571,596,2025-01-15 17:58:01.695278
1572,48,2025-09-13 07:39:30.170368
1573,587,2025-05-20 07:01:12.928644
1574,475,2025-03-05 08:46:48.444487
1575,215,2024-11-13 00:53:39.156374
1576,675,2025-08-09 09:30:15.365968
1577,391,2025-08-19 18:52:45.146974
1578,5,2025-01-22 04:01:30.952771
1579,222,2025-02-25 09:01:25.498489
1580,61,2025-06-24 09:41:22.259068
1581,427,2025-08-06 13:57:54.856051
1582,839,2025-08-08 21:14:47.519933
1583,261,2025-08-22 10:13:46.008918
1584,802,2024-11-20 08:20:14.201263
1585,878,2025-08-18 11:40:12.656979
1586,508,2024-10-22 13:21:38.632681
1587,176,2025-03-21 20:49:42.485116
1588,600,2024-10-21 14:49:11.636475
1589,208,2025-09-18 20:15:09.629570
1590,216,2025-04-01 06:55:26.171712
1591,229,2025-05-04 06:32:14.696962
1592,420,2025-04-04 23:38:13.925717
1593,813,2025-07-26 00:30:18.477234
1594,284,2025-05-22 07:05:32.476416
1595,655,2025-08-28 12:35:04.772678
1596,814,2025-02-26 16:00:15.419415
1597,77,2025-04-25 16:51:51.248973
1598,872,2024-11-09 04:42:01.611636
1599,491,2024-11-05 12:22:39.951189
1600,856,2025-04-19 05:05:43.571009
1601,469,2025-10-07 00:32:11.063269
1602,34,2025-06-03 06:45:54.707196
1603,102,2025-09-15 21:30:19.127289
1604,291,2025-07-22 22:45:07.038744
1605,658,2024-10-30 16:54:11.550657
1606,280,2025-01-02 03:56:50.057158
1607,183,2024-12-14 19:45:51.091490
1608,967,2025-03-07 07:09:39.198506
1609,543,2025-10-16 11:00:34.693809
1610,657,2024-11-30 11:15:48.550119
1611,594,2025-05-16 04:21:46.370762
1612,151,2025-07-19 13:50:01.951224
1613,738,2024-11-02 11:45:40.377450
1614,725,2024-11-20 13:41:58.471082
1615,877,2025-08-31 13:01:06.298501
1616,645,2025-05-27 06:38:18.988933
1617,652,2025-02-09 01:17:43.111753
1618,744,2024-11-14 05:13:22.895017
1619,454,2025-03-08 14:41:54.394551
1620,392,2025-08-07 14:01:03.143402
1621,52,2025-10-11 06:10:53.555221
1622,714,2025-03-12 12:09:15.172051
1623,282,2025-06-12 18:58:02.182708
1624,452,2025-05-13 12:15:20.087483
1625,111,2025-07-28 20:59:26.481416
1626,806,2025-05-28 14:53:05.947699
1627,776,2025-04-07 22:04:53.090004
1628,395,2025-03-10 09:05:59.906011
1629,634,2025-09-01 04:33:36.902689
1630,785,2024-11-05 15:57:41.851321
1631,585,2025-09-23 20:38:59.003800
1632,752,2025-07-20 18:00:11.632120
1633,75,2025-03-19 03:54:01.740881
1634,929,2025-02-23 00:06:02.599808
1635,911,2025-04-12 11:12:45.176814
1636,486,2025-03-29 08:00:08.213163
1637,597,2025-01-23 14:32:32.683011
1638,799,2025-01-03 16:32:03.959016
1639,772,2025-05-26 03:09:12.467432
1640,183,2025-08-25 06:41:38.691904
1641,661,2025-03-02 18:02:35.231566
1642,417,2025-03-07 14:24:40.106394
1643,161,2025-03-10 12:17:18.535304
1644,15,2025-08-18 16:59:44.049808
1645,446,2025-06-18 04:17:42.974978
1646,840,2024-11-18 13:24:44.668261
1647,696,2024-12-27 11:07:04.667452
1648,60,2025-04-09 10:04:46.130387
1649,691,2025-09-17 03:10:27.387551
1650,569,2025-05-30 19:09:36.465413
1651,131,2025-09-17 17:40:33.724704
1652,451,2025-08-17 17:23:05.194052
1653,122,2025-01-16 15:16:44.017976
1654,646,2025-01-09 08:59:39.356231
1655,629,2025-06-04 00:54:33.193649
1656,856,2025-08-23 15:15:12.985275
1657,272,2025-08-28 16:52:51.944858
1658,178,2025-09-26 10:27:07.042375
1659,688,2025-06-06 18:28:51.090661
1660,484,2025-03-02 16:28:26.526078
1661,933,2025-02-18 22:35:13.767053
1662,737,2025-04-21 09:03:57.414377
1663,302,2024-11-14 15:27:12.407277
1664,404,2025-05-24 08:23:53.139788
1665,117,2025-05-27 03:27:43.786549
1666,562,2025-04-19 00:22:52.194967
1667,235,2024-12-12 20:27:27.471961
1668,41,2025-07-12 01:18:21.323782
1669,644,2025-05-13 10:26:41.742490
1670,652,2025-07-18 15:21:14.056209
1671,437,2025-05-08 16:06:21.986200
1672,833,2024-12-08 02:20:27.414434
1673,989,2025-02-13 19:36:30.855429
1674,879,2025-08-23 17:11:12.615309
1675,741,2025-09-02 14:25:52.805624
1676,686,2025-01-19 05:49:21.050148
1677,838,2025-02-19 02:10:00.130166
1678,652,2025-03-20 15:40:55.308087
1679,751,2025-06-09 18:51:38.084835
1680,300,2025-05-03 15:53:45.222421
1681,592,2025-07-09 20:49:08.435980
1682,40,2025-08-08 11:24:46.757142
1683,483,2025-01-06 13:50:44.020428
1684,245,2025-05-09 11:41:22.222620
1685,667,2025-07-13 22:16:52.986274
1686,675,2024-12-02 02:51:44.961097
1687,261,2025-03-25 04:59:40.864888
1688,309,2024-11-30 19:35:46.579433
1689,351,2025-04-11 09:29:44.685603
1690,840,2025-02-07 06:07:58.638325
1691,359,2025-01-27 13:34:22.511822
1692,729,2024-12-05 13:18:33.979577
1693,879,2024-12-24 19:36:34.300770
1694,439,2025-08-23 16:18:01.994044
1695,819,2024-12-05 01:38:18.263980
1696,541,2025-02-12 11:18:30.752470
1697,144,2025-10-11 23:10:18.544151
1698,221,2025-04-25 18:36:41.679632
1699,745,2025-04-13 05:55:07.790909
1700,196,2025-08-22 15:05:57.793417
1701,285,2024-12-27 00:00:30.184258
1702,504,2025-10-04 22:02:17.171110
1703,228,2025-08-28 12:11:19.727013
1704,693,2025-03-05 09:09:29.594285
1705,242,2025-07-28 14:06:04.979277
1706,18,2025-06-23 18:59:37.209856
1707,965,2025-07-03 07:18:42.010227
1708,698,2025-07-30 18:06:36.784242
1709,677,2025-01-28 00:23:50.439000
1710,452,2025-02-15 08:58:32.068669
1711,424,2025-08-26 11:17:25.585668
1712,267,2024-11-18 14:10:28.699532
1713,151,2024-11-30 14:57:09.108996
1714,776,2025-06-19 23:17:08.535173
1715,982,2025-10-03 16:19:41.646231
1716,186,2024-11-02 11:22:31.207681
1717,928,2025-08-12 17:42:59.742376
1718,289,2025-01-06 15:19:41.273752
1719,99,2025-06-23 22:09:56.694788
1720,921,2024-12-20 08:31:36.553256
1721,219,2025-08-22 07:39:50.159146
1722,533,2024-11-11 05:33:09.615994
1723,621,2025-06-02 21:02:21.474603
1724,837,2024-12-08 08:24:19.130724
1725,18,2025-05-31 10:51:57.794585
1726,844,2024-11-21 17:46:28.644256
1727,158,2025-08-09 20:27:11.251072
1728,779,2025-01-02 03:58:11.133765
1729,409,2025-05-12 23:05:26.622750
1730,912,2025-07-07 19:53:48.484709
1731,201,2025-06-05 18:13:14.330268
1732,183,2025-02-13 07:23:35.248713
1733,499,2025-06-18 16:17:35.734258
1734,985,2025-08-13 15:02:20.366766
1735,25,2025-03-11 06:22:47.737806
1736,572,2024-11-28 13:12:04.868877
1737,788,2024-11-11 07:43:30.375946
1738,595,2025-05-17 07:35:28.054458
1739,605,2025-08-10 21:35:32.361213
1740,166,2025-07-05 04:00:57.160846
1741,707,2025-08-13 18:15:34.872070
1742,482,2025-05-08 09:05:53.646574
1743,446,2025-05-22 06:26:28.349225
1744,651,2025-04-26 11:07:09.890823
1745,499,2025-02-05 02:04:19.115626
1746,36,2025-04-08 12:03:21.222561
1747,247,2025-07-13 15:34:49.686736
1748,263,2025-08-31 08:08:45.476058
1749,121,2025-07-20 11:26:56.681458
1750,49,2025-04-27 12:11:28.996112
1751,874,2025-01-03 09:14:14.124959
1752,781,2025-08-24 12:24:47.101676
1753,323,2025-09-12 01:52:33.825235
1754,24,2025-04-13 01:40:58.297890
1755,791,2025-07-05 23:32:05.777415
1756,1000,2025-04-05 05:00:57.149228
1757,700,2025-07-28 06:05:31.580064
1758,921,2025-08-24 04:40:07.673519
1759,894,2025-04-01 00:53:53.174863
1760,351,2025-02-22 15:09:58.428357
1761,202,2025-04-08 19:11:58.521785
1762,69,2025-08-26 06:45:43.036993
1763,890,2025-07-04 14:19:16.541560
1764,212,2025-10-09 07:02:03.330983
1765,516,2025-08-07 06:52:49.422793
1766,89,2025-06-05 01:53:28.821786
1767,664,2024-10-24 03:28:00.336445
1768,701,2025-08-16 02:05:54.328810
1769,795,2024-11-09 17:47:02.254079
1770,232,2024-11-13 07:49:59.409255
1771,728,2025-08-28 11:17:42.896523
1772,181,2025-02-14 00:51:59.257596
1773,243,2024-11-01 01:58:48.161918
1774,540,2025-09-06 07:19:58.317690
1775,378,2025-03-02 00:07:42.821415
1776,857,2025-02-25 16:45:04.587486
1777,962,2025-08-15 09:32:14.324555
1778,26,2025-04-29 13:24:04.124825
1779,893,2025-05-18 23:11:15.796693
1780,451,2025-03-19 22:44:46.078346
1781,591,2025-02-20 15:52:49.036709
1782,785,2025-04-04 00:39:58.560091
1783,419,2025-03-24 22:07:28.913162
1784,80,2025-05-05 15:54:48.576752
1785,241,2025-04-11 07:29:49.345864
1786,419,2024-12-23 06:13:42.239316
1787,648,2025-05-10 11:39:36.229978
1788,844,2025-03-24 12:32:05.358290
1789,227,2024-11-30 18:57:59.995345
1790,332,2025-02-21 15:55:45.393701
1791,44,2025-03-11 14:11:15.076351
1792,883,2025-04-07 23:54:31.427283
1793,648,2025-08-14 14:20:40.554735
1794,86,2025-07-21 18:10:38.354992
1795,400,2025-05-04 17:04:15.719375
1796,382,2024-11-28 15:02:09.983370
1797,167,2025-04-20 00:40:32.015764
1798,693,2024-11-24 06:17:07.805157
1799,176,2025-04-08 00:45:38.923488
1800,417,2025-01-29 02:06:09.452844
1801,428,2025-08-09 05:09:21.586585
1802,647,2025-03-19 01:25:23.180695
1803,84,2025-07-30 17:21:26.218304
1804,728,2025-09-26 13:34:23.713515
1805,162,2025-10-17 03:23:42.183898
1806,323,2025-04-27 14:25:00.457919
1807,161,2025-02-13 09:19:01.915764
1808,678,2025-08-16 13:38:03.351537
1809,384,2025-08-24 11:34:09.869794
1810,383,2025-05-21 20:28:19.082355
1811,783,2024-11-18 14:27:39.303840
1812,8,2025-05-14 16:24:52.383962
1813,110,2025-02-20 02:56:54.874030
1814,400,2025-05-20 08:31:33.698488
1815,527,2024-10-30 19:24:12.568774
1816,268,2025-06-30 16:24:31.606620
1817,97,2025-03-09 06:09:41.148985
1818,173,2025-09-07 00:51:33.271423
1819,195,2025-07-03 07:16:19.227510
1820,781,2025-02-22 14:17:37.550298
1821,499,2025-01-05 16:02:42.837995
1822,52,2025-10-11 21:21:17.468000
1823,288,2024-12-06 22:19:16.487088
1824,413,2025-07-13 17:48:12.120782
1825,899,2025-03-29 13:27:08.599623
1826,818,2025-08-02 22:46:48.109885
1827,337,2025-04-08 12:48:23.434073
1828,469,2025-07-11 15:03:32.663802
1829,716,2025-08-12 18:18:28.806204
1830,663,2025-01-26 01:29:41.542729
1831,108,2025-07-17 17:44:03.062135
1832,976,2024-12-06 11:09:43.266563
1833,584,2024-10-22 15:54:48.351997
1834,20,2025-01-17 09:43:27.759486
1835,815,2024-12-01 09:51:38.549115
1836,418,2025-06-18 23:01:04.124452
1837,217,2024-12-26 00:02:42.455563
1838,611,2025-04-15 12:58:21.845525
1839,947,2025-03-09 16:01:10.830372
1840,885,2024-12-24 10:08:36.291886
1841,187,2024-11-19 23:27:07.524679
1842,158,2025-05-01 13:13:34.095815
1843,811,2025-08-22 19:42:42.922776
1844,718,2025-10-17 18:38:51.899893
1845,927,2025-09-16 00:33:08.380994
1846,35,2025-10-16 02:45:39.776089
1847,483,2024-11-24 16:38:52.370959
1848,466,2025-09-13 21:52:16.613649
1849,376,2025-07-22 01:08:31.957476
1850,486,2025-05-17 20:55:43.190788
1851,376,2025-04-19 07:18:37.021900
1852,160,2025-02-02 18:57:49.988174
1853,324,2025-01-04 17:45:56.380927
1854,850,2025-10-01 23:49:17.317627
1855,930,2025-02-03 15:52:45.077842
1856,853,2025-07-04 04:20:55.289577
1857,536,2024-11-28 04:20:25.847079
1858,733,2025-06-24 18:31:33.775277
1859,737,2025-04-26 23:07:00.198134
1860,699,2025-06-30 19:04:42.569653
1861,869,2025-09-01 19:04:35.483663
1862,545,2025-01-20 08:30:03.977384
1863,112,2025-07-29 15:00:06.522204
1864,819,2024-12-04 21:53:44.751753
1865,940,2025-02-06 11:25:46.543683
1866,917,2025-06-22 05:41:30.187559
1867,224,2025-07-29 09:54:26.493404
1868,861,2024-12-28 18:13:48.905843
1869,609,2024-10-31 21:30:26.611014
1870,873,2025-07-24 17:18:36.076376
1871,481,2025-07-10 11:16:10.443565
1872,855,2025-03-29 00:24:39.705435
1873,211,2025-05-12 18:54:22.078721
1874,511,2024-12-19 15:58:21.462306
1875,442,2025-09-09 07:01:30.609107
1876,990,2025-09-04 22:18:58.767534
1877,53,2024-12-10 05:55:58.137120
1878,129,2025-08-24 20:06:45.115636
1879,954,2025-08-03 20:14:10.994330
1880,69,2025-01-23 08:32:05.562742
1881,563,2025-09-24 19:25:01.862005
1882,847,2025-08-03 22:04:12.130244
1883,843,2025-05-07 22:20:55.815375
1884,490,2025-08-24 04:25:29.310638
1885,34,2025-04-19 01:24:45.686668
1886,598,2025-03-18 05:31:59.406837
1887,311,2024-10-29 09:02:28.734839
1888,253,2025-03-05 12:56:12.651058
1889,265,2025-01-04 21:00:23.641045
1890,781,2024-11-17 02:50:20.851561
1891,592,2025-04-01 07:26:19.430778
1892,983,2025-04-16 17:18:21.476199
1893,322,2025-03-31 17:00:44.430826
1894,429,2025-07-27 10:58:00.808694
1895,341,2025-07-17 07:51:54.651714
1896,558,2024-11-30 16:29:33.823690
1897,209,2025-03-02 18:32:37.806627
1898,95,2024-10-27 21:16:35.698439
1899,775,2025-05-15 02:11:10.661033
1900,91,2025-03-02 11:50:22.656350
1901,244,2025-05-02 18:07:43.874532
1902,179,2025-04-06 22:32:35.229425
1903,416,2025-08-15 23:29:55.017701
1904,300,2024-11-08 08:55:45.807468
1905,506,2025-06-22 01:45:32.897631
1906,709,2025-07-23 22:52:18.157012
1907,891,2024-11-10 04:47:55.363550
1908,523,2025-04-12 03:39:20.627029
1909,48,2025-06-17 01:28:39.016340
1910,225,2024-10-27 08:56:26.564129
1911,572,2025-09-01 17:55:58.320493
1912,450,2025-07-25 13:22:00.811475
1913,385,2024-11-03 00:25:36.710152
1914,654,2025-09-24 10:18:02.370812
1915,130,2025-04-11 06:47:01.183239
1916,972,2025-02-22 23:18:42.447037
1917,225,2024-11-07 16:30:54.925909
1918,353,2025-06-23 20:43:18.663865
1919,678,2025-03-05 03:48:12.563565
1920,825,2025-03-28 20:01:51.525062
1921,914,2025-02-28 10:13:53.409832
1922,953,2025-04-23 06:31:55.852443
1923,786,2025-05-16 09:58:38.515998
1924,893,2025-07-06 08:04:02.619094
1925,121,2025-09-10 02:27:02.560238
1926,785,2025-03-04 03:29:38.333839
1927,650,2025-04-25 09:38:12.381449
1928,344,2025-07-21 19:49:07.619825
1929,197,2024-12-20 19:08:26.135999
1930,987,2025-09-28 09:59:37.797479
1931,935,2025-07-27 09:29:21.069192
1932,306,2025-06-07 06:38:21.644167
1933,31,2025-07-31 14:16:54.011019
1934,735,2025-02-23 09:46:32.539515
1935,212,2025-08-29 19:50:19.742405
1936,520,2024-12-21 03:47:43.449836
1937,149,2024-10-22 22:00:02.477151
1938,869,2024-10-26 23:54:34.611573
1939,439,2025-08-08 15:50:01.248164
1940,304,2025-03-25 12:43:30.274758
1941,825,2024-12-12 02:54:45.246195
1942,418,2025-05-30 06:47:14.677428
1943,737,2025-09-29 14:44:19.524789
1944,214,2025-04-10 11:31:15.998092
1945,991,2025-03-08 06:13:12.254301
1946,765,2025-07-19 12:41:26.124295
1947,956,2025-03-07 00:30:52.029339
1948,591,2025-10-19 14:45:20.661158
1949,468,2024-10-30 06:52:19.953835
1950,509,2025-07-06 21:12:25.411142
1951,878,2025-09-16 00:12:24.897919
1952,603,2025-05-23 10:35:05.788012
1953,545,2025-06-23 15:57:39.272038
1954,514,2025-05-30 22:25:10.111469
1955,202,2025-01-30 12:46:29.281295
1956,398,2025-04-13 06:07:18.597290
1957,231,2025-03-15 17:29:02.065472
1958,755,2024-11-02 03:26:31.616370
1959,38,2025-05-15 23:58:14.569705
1960,617,2025-09-11 23:46:32.271351
1961,455,2025-08-14 22:35:43.872710
1962,481,2025-05-31 22:35:36.709013
1963,880,2025-02-14 22:42:46.810526
1964,586,2025-10-08 02:44:07.750470
1965,9,2024-12-13 14:38:00.240465
1966,374,2025-08-14 21:46:24.539613
1967,763,2025-03-11 11:11:00.777769
1968,349,2025-04-25 17:48:48.402245
1969,344,2025-07-15 03:11:01.278347
1970,288,2024-11-01 17:20:10.117260
1971,529,2025-01-13 18:51:44.491688
1972,734,2025-01-29 10:18:52.893624
1973,408,2025-08-17 08:55:21.067523
1974,172,2025-04-03 09:12:15.167285
1975,450,2025-08-07 07:04:26.382443
1976,646,2025-03-17 09:45:33.461641
1977,703,2025-08-08 19:05:43.585958
1978,526,2025-06-03 16:23:40.521276
1979,641,2025-07-23 13:48:23.063544
1980,863,2025-04-23 00:59:38.244611
1981,737,2024-11-04 16:08:57.740912
1982,228,2024-11-25 13:33:20.390923
1983,43,2025-05-09 03:11:49.980466
1984,285,2025-07-18 04:17:34.372578
1985,194,2025-03-05 16:06:44.550220
1986,905,2025-07-23 01:44:37.114582
1987,752,2025-02-06 11:10:42.068710
1988,329,2025-09-18 16:16:03.069723
1989,900,2025-09-08 22:41:03.572849
1990,696,2025-01-27 17:06:01.932493
1991,797,2024-12-01 17:00:59.209072
1992,287,2024-11-26 03:36:53.289928
1993,103,2025-01-01 08:27:59.856287
1994,269,2025-01-18 17:18:35.299790
1995,669,2025-02-21 11:50:25.917027
1996,793,2024-11-30 16:15:05.224122
1997,855,2025-03-30 08:28:59.544677
1998,890,2025-02-25 09:39:57.268490
1999,929,2025-02-15 10:55:56.331438
2000,616,2024-10-26 14:36:43.636200
